"nct_id","brief_title","overall_status","phase","lead_sponsor","sponsor_class","intervention_names","intervention_types","start_date","completion_date","last_update_post_date","snapshot_date","biomarkers","therapy_classes"
"NCT05800275","Capecitabine, Tucatinib, and Intrathecal Trastuzumab for Breast Cancer Patients With Leptomeningeal Disease","RECRUITING","PHASE2","UNICANCER","OTHER","Tucatinib Oral Tablet | Capecitabine tablets | Trastuzumab Injection","DRUG","2023-12-18","2027-06","2025-11-18","2026-08-12","HER2 | Hormone receptor","HER2-directed"
"NCT01272037","Tamoxifen Citrate, Letrozole, Anastrozole, or Exemestane With or Without Chemotherapy in Treating Patients With Invasive RxPONDER Breast Cancer","ACTIVE_NOT_RECRUITING","PHASE3","National Cancer Institute (NCI)","NIH","Anastrozole | Exemestane | Laboratory Biomarker Analysis | Letrozole | Quality-of-Life Assessment | Systemic Chemotherapy | Tamoxifen Citrate","DRUG | OTHER","2011-02-28","2027-01-08","2026-08-04","2026-08-12","HER2 | Hormone receptor","Endocrine or SERD"
"NCT04576455","A Study Evaluating the Efficacy and Safety of Giredestrant Compared With Physician's Choice of Endocrine Monotherapy in Participants With Previously Treated Estrogen Receptor-Positive, HER2-Negative Locally Advanced or Metastatic Breast Cancer (acelERA Breast Cancer)","ACTIVE_NOT_RECRUITING","PHASE2","Hoffmann-La Roche","INDUSTRY","Giredestrant | Fulvestrant or an Aromatase Inhibitor (Physician Choice) | LHRH Agonist","DRUG","2020-11-27","2027-08-25","2026-06-18","2026-08-12","HER2 | Hormone receptor","Endocrine or SERD"
"NCT01992952","Fulvestrant +/- Akt Inhibition in Advanced Aromatase Inhibitor Resistant Breast Cancer","ACTIVE_NOT_RECRUITING","PHASE1 | PHASE2","Velindre NHS Trust","OTHER_GOV","AZD5363 | Placebo | Fulvestrant","DRUG","2014-05-07","2025-12-31","2025-11-26","2026-08-12","Hormone receptor | PIK3CA-AKT1-PTEN","Endocrine or SERD | Immunotherapy | PI3K-AKT-mTOR inhibitor"
"NCT07593820","A Phase I Interventional Open-label, Non-randomized Dose-escalation Trial to Evaluate the Safety, Tolerability, Pharmacokinetics, Pharmacodynamics, Immunogenicity, and Preliminary Anti-tumor Activity of Autologous p95HER2.CAR-TECH2Me T Cells in Patients With Selected Advanced Cancers.","RECRUITING","PHASE1","Vall d'Hebron Institute of Oncology","OTHER","p95HER2.CAR-TECH2Me","BIOLOGICAL","2026-04-29","2041-04-01","2026-05-22","2026-08-12","Genomic profiling | HER2",
"NCT05392608","SEQUence of Endocrine Therapy in Advanced Luminal Breast Cancer (SEQUEL-Breast)","ACTIVE_NOT_RECRUITING","PHASE2","Borstkanker Onderzoek Groep","NETWORK","Alpelisib 150 MG Oral Tablet [Piqray] | Fulvestrant","DRUG","2022-06-02","2028-03","2026-05-22","2026-08-12","Genomic profiling | HER2 | Hormone receptor | PIK3CA-AKT1-PTEN","CDK4-6 inhibitor | Endocrine or SERD | PI3K-AKT-mTOR inhibitor"
"NCT05329532","Modi-1 Moditope in Breast, Head and Neck, Ovarian, or Renal Cancer","RECRUITING","PHASE1 | PHASE2","Scancell Ltd","INDUSTRY","Modi-1 Moditope | Pembrolizumab | MicronJet600™ microneedle device (NanoPass)","BIOLOGICAL | DEVICE","2022-04-07","2027-07-01","2025-09-17","2026-08-12","PD-L1 or immune","Immunotherapy"
"NCT07646106","THE-0504 in Patients With Solid Tumors","RECRUITING","PHASE1","Thena Biotech S.r.l.","INDUSTRY","THE-0504","DRUG","2024-11-13","2027-05-01","2026-06-12","2026-08-12","BRCA or HRD",
"NCT06595563","HER2 Molecular Imaging With 89Zr-trastuzumab PET/CT as a Predictive Biomarker for Antibody-drug Conjugate Sequencing in Patients With Advanced HER2-positive Breast Cancer","RECRUITING","PHASE2","Jules Bordet Institute","OTHER","Trastuzumab emtansine","DRUG","2026-06-30","2029-09","2026-07-02","2026-08-12","HER2","Antibody-drug conjugate | HER2-directed"
"NCT05512364","Elacestrant for Treating ER+/HER2- Breast Cancer Patients With ctDNA Relapse (TREAT ctDNA)","RECRUITING","PHASE3","European Organisation for Research and Treatment of Cancer - EORTC","NETWORK","Elacestrant | Tamoxifen | Letrozole 2.5mg | Anastrozole 1mg | Exemestane 25 MG","DRUG","2023-12-15","2035-11-01","2026-08-10","2026-08-12","ctDNA or MRD | HER2 | Hormone receptor","CDK4-6 inhibitor | Endocrine or SERD"
"NCT02747004","A Study of Abemaciclib (LY2835219) Plus Tamoxifen or Abemaciclib Alone in Women With Metastatic Breast Cancer","ACTIVE_NOT_RECRUITING","PHASE2","Eli Lilly and Company","INDUSTRY","Abemaciclib | Tamoxifen | Prophylactic Loperamide","DRUG","2016-09-14","2026-12","2026-02-06","2026-08-12","HER2 | Hormone receptor","CDK4-6 inhibitor | Endocrine or SERD | Immunotherapy"
"NCT04915755","Efficacy and Safety Comparison of Niraparib to Placebo in Participants With Human Epidermal Growth Factor 2 Negative (HER2-) Breast Cancer Susceptibility Gene Mutation (BRCAmut) or Triple-Negative Breast Cancer (TNBC) With Molecular Disease","ACTIVE_NOT_RECRUITING","PHASE3","GlaxoSmithKline","INDUSTRY","Niraparib | Placebo","DRUG","2021-06-28","2025-12-31","2025-07-16","2026-08-12","BRCA or HRD | ctDNA or MRD | HER2 | Hormone receptor","Endocrine or SERD | PARP inhibitor"
"NCT06764186","A Phase IIIB Study to Evaluate the Use of Capivasertib in Combination With Fulvestrant in Patients With Advanced Breast Cancer Who Have Relapsed/Progressed on ET and CDK4/6 Inhibitor Reflecting Real World Clinical Practice in Spain","ACTIVE_NOT_RECRUITING","PHASE3","AstraZeneca","INDUSTRY","Fulvestrant | Capivasertib","DRUG","2025-01-07","2027-12-31","2026-07-06","2026-08-12","ctDNA or MRD | Genomic profiling | HER2 | PIK3CA-AKT1-PTEN","CDK4-6 inhibitor | Endocrine or SERD | PI3K-AKT-mTOR inhibitor"
"NCT05033756","Comprehensive Analysis of Predictors of the Treatment With Pembrolizumab and Olaparib in Patients With Unresectable or Metastatic HER2 Negative Breast Cancer and a Deleterious Germline Mutation or a Homologous Recombination Deficiency (COMPRENDO","ACTIVE_NOT_RECRUITING","PHASE2","Institut fuer Frauengesundheit","OTHER","Pembrolizumab Injection [Keytruda] | Olaparib Oral Tablet [Lynparza]","DRUG","2022-07-30","2026-02","2024-05-07","2026-08-12","BRCA or HRD | HER2","CDK4-6 inhibitor | Immunotherapy | PARP inhibitor"
"NCT02653105","Women at Risk of Breast Cancer and OLFM4","ACTIVE_NOT_RECRUITING",,"Institut Cancerologie de l'Ouest","OTHER","OLFM4","BIOLOGICAL","2016-03-08","2026-03","2025-08-15","2026-08-12","BRCA or HRD",
"NCT06393374","Sacituzumab Tirumotecan (MK-2870) Plus Pembrolizumab Versus TPC in TNBC Who Did Not Achieve pCR (MK-2870-012)","RECRUITING","PHASE3","Merck Sharp & Dohme LLC","INDUSTRY","Pembrolizumab | Sacituzumab tirumotecan | Capecitabine","BIOLOGICAL | DRUG","2024-06-24","2037-12-14","2026-08-07","2026-08-12","BRCA or HRD | PD-L1 or immune","Antibody-drug conjugate | Immunotherapy | PARP inhibitor"
"NCT05306340","A Study Evaluating the Efficacy and Safety of Giredestrant Plus Everolimus Compared With the Physician's Choice of Endocrine Therapy Plus Everolimus in Participants With Estrogen Receptor-Positive, HER2-Negative, Locally Advanced or Metastatic Breast Cancer (evERA Breast Cancer)","ACTIVE_NOT_RECRUITING","PHASE3","Genentech, Inc.","INDUSTRY","Giredestrant | Exemestane | Fulvestrant | Tamoxifen | Everolimus | LHRH Agonist | Dexamethasone Mouth Rinse","DRUG","2022-08-03","2026-10-15","2026-06-17","2026-08-12","ctDNA or MRD | ESR1 | HER2 | Hormone receptor","CDK4-6 inhibitor | Endocrine or SERD | PI3K-AKT-mTOR inhibitor"
"NCT04553133","PF-07104091 as a Single Agent and in Combination Therapy","ACTIVE_NOT_RECRUITING","PHASE2","Pfizer","INDUSTRY","PF-07104091 monotherapy dose escalation | PF-07104091 + palbociclib + fulvestrant | PF-07104091 + palbociclib + letrozole | PF-07104091 monotherapy dose expansion (ovarian) | PF-07104091 monotherapy dose expansion (SCLC) | PF-07104091 + Fulvestrant (post CDK4/6) | PF-0704091 + Fulvestrant (post CDK4/6)","DRUG","2020-09-16","2026-12-31","2026-05-06","2026-08-12","HER2 | Hormone receptor","CDK4-6 inhibitor | Endocrine or SERD"
"NCT07407244","Immune Tumor Stroma Factors and Pathologic Complete Response After Neoadjuvant Chemotherapy in Early Breast Cancer","ACTIVE_NOT_RECRUITING",,"Institute of Oncology Ljubljana","OTHER","Neoadjuvant Chemotherapy","DRUG","2017-03-01","2026-02-28","2026-02-17","2026-08-12","ctDNA or MRD",
"NCT05696626","Evaluation of Lasofoxifene Combined With Abemaciclib Compared With Fulvestrant Combined With Abemaciclib in Locally Advanced or Metastatic ER+/HER2- Breast Cancer With an ESR1 Mutation","RECRUITING","PHASE3","LeonaBio","INDUSTRY","Lasofoxifene in combination with abemaciclib | Fulvestrant in combination with abemaciclib","DRUG","2023-10-31","2028-04","2026-06-22","2026-08-12","ctDNA or MRD | ESR1 | HER2 | Hormone receptor","CDK4-6 inhibitor | Endocrine or SERD"
"NCT02947685","Randomized, Open Label, Clinical Study of the Targeted Therapy, Palbociclib, to Treat Metastatic Breast Cancer","ACTIVE_NOT_RECRUITING","PHASE3","Alliance Foundation Trials, LLC.","OTHER","palbociclib | trastuzumab | pertuzumab | letrozole | Anastrozole | Exemestane | Fulvestrant","DRUG","2017-06-21","2026-07-31","2026-02-12","2026-08-12","HER2 | Hormone receptor","CDK4-6 inhibitor | Endocrine or SERD | HER2-directed"
"NCT06982521","Phase 3 Study of RLY-2608 + Fulvestrant vs Capivasertib + Fulvestrant as Treatment for Locally Advanced or Metastatic PIK3CA-mutant HR+/HER2- Breast Cancer","RECRUITING","PHASE3","Relay Therapeutics, Inc.","INDUSTRY","Zovegalisib | Capivasertib | Fulvestrant","DRUG","2025-08-26","2031-12-31","2026-08-05","2026-08-12","Genomic profiling | HER2 | Hormone receptor | PIK3CA-AKT1-PTEN","Antibody-drug conjugate | CDK4-6 inhibitor | Endocrine or SERD | Immunotherapy | PI3K-AKT-mTOR inhibitor"
"NCT02810743","Substantially Improving the Cure Rate of High-risk BRCA1-like Breast Cancer","ACTIVE_NOT_RECRUITING","PHASE3","The Netherlands Cancer Institute","OTHER","ddAC-CP-Olaparib | ddAC-mini CTC","DRUG","2017-01-25","2033-12-01","2026-06-01","2026-08-12","BRCA or HRD | HER2","PARP inhibitor"
"NCT04975308","A Study of Imlunestrant, Investigator's Choice of Endocrine Therapy, and Imlunestrant Plus Abemaciclib in Participants With ER+, HER2- Advanced Breast Cancer","ACTIVE_NOT_RECRUITING","PHASE3","Eli Lilly and Company","INDUSTRY","Imlunestrant | Exemestane | Fulvestrant | Abemaciclib","DRUG","2021-10-04","2027-08","2026-07-22","2026-08-12","HER2 | Hormone receptor | PIK3CA-AKT1-PTEN","CDK4-6 inhibitor | Endocrine or SERD"
"NCT01357772","Trial of Low Dose Tamoxifen in Women With Breast Intraepithelial Neoplasia - Long Term Follow-up","ACTIVE_NOT_RECRUITING","PHASE3","Andrea DeCensi","OTHER","Tamoxifen | placebo","DRUG","2008-11-12","2028-12-31","2023-07-17","2026-08-12","Hormone receptor","Endocrine or SERD"
"NCT01898117","Triple-B Study;Carboplatin-cyclophosphamide Versus Paclitaxel With or Without Atezolizumab as First-line Treatment in Advanced Triple Negative Breast Cancer","ACTIVE_NOT_RECRUITING","PHASE2","The Netherlands Cancer Institute","OTHER","Carbo/cyclo | Carbo/cyclo + atezolizumab | Paclitaxel | Paclitaxel + Atezolizumab","DRUG","2013-07","2030-12","2025-11-26","2026-08-12","BRCA or HRD | HER2 | Hormone receptor","Immunotherapy"
"NCT03150576","Platinum and Polyadenosine 5'Diphosphoribose Polymerisation Inhibitor for Neoadjuvant Treatment of Triple Negative Breast Cancer and/or Germline BRCA Positive Breast Cancer","RECRUITING","PHASE2 | PHASE3","Cambridge University Hospitals NHS Foundation Trust","OTHER","Olaparib | Paclitaxel and Carboplatin","DRUG","2016-05","2034-06","2022-11-14","2026-08-12","BRCA or HRD | HER2","PARP inhibitor"
"NCT06831955","LifEStyle Intervention to Enhance Efficacy of Neoadjuvant Therapy in Patients With Triple Negative Breast Cancer","RECRUITING","PHASE2","Universitaire Ziekenhuizen KU Leuven","OTHER","Exercise Therapy | Fasting-Mimicking Diet | SOC","OTHER | DIETARY_SUPPLEMENT | DRUG","2026-02-01","2031-09-01","2026-08-07","2026-08-12","HER2 | Hormone receptor | PD-L1 or immune","Immunotherapy"
"NCT07702292","[68Ga]BED003 PET Imaging of Fibroblast Activation Protein in Selected Oncology Indications","RECRUITING","PHASE2","Blue Earth Diagnostics","INDUSTRY","[68Ga]BED003","DRUG","2026-06-30","2028-02","2026-07-15","2026-08-12","Genomic profiling",
"NCT06547840","A Study of MOv18 IgE in Patients With Solid Tumours That Express Folate Receptor Alpha","RECRUITING","PHASE1","Epsilogen Ltd","INDUSTRY","MOv18 IgE","DRUG","2024-09-03","2027-03","2026-04-06","2026-08-12","HER2","Immunotherapy"
"NCT04585750","The Evaluation of PC14586 in Patients With Advanced Solid Tumors Harboring a TP53 Y220C Mutation (PYNNACLE)","RECRUITING","PHASE1 | PHASE2","PMV Pharmaceuticals, Inc","INDUSTRY","rezatapopt | pembrolizumab","DRUG","2020-10-29","2027-12-31","2026-08-10","2026-08-12","HER2 | PD-L1 or immune","Immunotherapy"
"NCT06253871","A Phase 1/1b Study of IAM1363 in HER2 Cancers","RECRUITING","PHASE1","Iambic Therapeutics, Inc","INDUSTRY","IAM1363","DRUG","2024-03-25","2028-12","2026-06-04","2026-08-12","HER2",
"NCT02734004","A Phase I/II Study of MEDI4736 in Combination With Olaparib in Patients With Advanced Solid Tumors.","ACTIVE_NOT_RECRUITING","PHASE1 | PHASE2","AstraZeneca","INDUSTRY","Olaparib | MEDI4736 | Bevacizumab","DRUG","2016-03-17","2026-09-17","2026-07-14","2026-08-12","BRCA or HRD | HER2 | PD-L1 or immune","PARP inhibitor"
"NCT07174336","A Study of Tersolisib (LY4064809/STX-478) With Other Anti-Cancer Treatments in Participants With Advanced Breast Cancer With a Genetic Change (PIK3CA)","RECRUITING","PHASE3","Eli Lilly and Company","INDUSTRY","LY4064809 | Placebo | Ribociclib | Palbociclib | Abemaciclib | Anastrozole | Letrozole | Exemestane | Fulvestrant","DRUG","2025-12-22","2033-05","2026-08-06","2026-08-12","HER2 | Hormone receptor | PIK3CA-AKT1-PTEN","CDK4-6 inhibitor | Endocrine or SERD"
"NCT06428396","Study of Belzutifan (MK-6482) Plus Fulvestrant for ER+/HER2- Metastatic Breast Cancer (MK-6482-029/LITESPARK-029)","ACTIVE_NOT_RECRUITING","PHASE2","Merck Sharp & Dohme LLC","INDUSTRY","Belzutifan | Fulvestrant | Everolimus | Exemestane","DRUG","2024-11-27","2028-12-25","2026-07-10","2026-08-12","BRCA or HRD | HER2 | Hormone receptor","CDK4-6 inhibitor | Endocrine or SERD | PARP inhibitor | PI3K-AKT-mTOR inhibitor"
"NCT05889390","Neoadjuvant Concomitant Modulated Electro-hyperthermia in HER2-negative Breast Cancer","ACTIVE_NOT_RECRUITING","PHASE2 | PHASE3","Semmelweis University","OTHER","Oncotherm EHY-2030 | Paclitaxel | Carboplatin | Cyclophosphamide/Doxorubicin | Breast cancer removal surgery","DEVICE | DRUG | PROCEDURE","2023-02-20","2026-12-31","2026-05-15","2026-08-12","HER2",
"NCT06162559","Neoadjuvant Trastuzumab, Pertuzumab and Tucatinib Without Chemotherapy in HER2-positive Breast Cancer: the TRAIN-4 Study","RECRUITING","PHASE1","The Netherlands Cancer Institute","OTHER","Tucatinib | Trastuzumab | Pertuzumab","DRUG","2023-12-18","2036-05","2024-01-11","2026-08-12","HER2","HER2-directed"
"NCT07401381","A Study to Compare the Steady-State Bioavailability of Injectable Letrozole SIE and Oral Letrozole in Post-Menopausal Women With Hormone Receptor Positive Early Breast Cancer","RECRUITING","PHASE1","Rovi Pharmaceuticals Laboratories","INDUSTRY","US-sourced oral Femara® + Letrozole SIE | EU sourced oral Femara® + Letrozole SIE","DRUG","2026-06-08","2028-10","2026-07-24","2026-08-12","HER2 | Hormone receptor","Endocrine or SERD"
"NCT06690840","Atezolizumab and Chemotherapy Treatment as T-cell Activators in Metastatic Triple Negative Breast Cancer Patients","RECRUITING","PHASE2","European Institute of Oncology","OTHER","Atezolizumab in combination with Cyclophosphamide and Vinorelbine","DRUG","2025-03-06","2027-02-15","2026-01-05","2026-08-12","HER2 | Hormone receptor | PD-L1 or immune","Immunotherapy"
"NCT06645808","PET-imaging of Two Vartumabs in Patients With Solid Tumors","RECRUITING","EARLY_PHASE1","Var2 Pharmaceuticals","INDUSTRY","89Zr-DFO-N-Suc-F8scFv | 89Zr-DFO-N-Suc-C9scFv | PET/CT scan","BIOLOGICAL | RADIATION","2024-12-10","2026-09","2025-12-29","2026-08-12","Genomic profiling",
"NCT03529110","DS-8201a Versus T-DM1 for Human Epidermal Growth Factor Receptor 2 (HER2)-Positive, Unresectable and/or Metastatic Breast Cancer Previously Treated With Trastuzumab and Taxane [DESTINY-Breast03]","ACTIVE_NOT_RECRUITING","PHASE3","Daiichi Sankyo","INDUSTRY","Trastuzumab deruxtecan (T-DXd) | Ado-trastuzumab emtansine (T-DM1)","DRUG","2018-08-09","2026-07-30","2025-10-21","2026-08-12","HER2","Antibody-drug conjugate | HER2-directed"
"NCT04579380","Basket Study of Tucatinib and Trastuzumab in Solid Tumors With HER2 Alterations","ACTIVE_NOT_RECRUITING","PHASE2","Seagen, a wholly owned subsidiary of Pfizer","INDUSTRY","tucatinib | trastuzumab | fulvestrant","DRUG","2021-01-11","2026-04-30","2025-12-19","2026-08-12","HER2","Endocrine or SERD | HER2-directed"
"NCT02513394","PALbociclib CoLlaborative Adjuvant Study","ACTIVE_NOT_RECRUITING","PHASE3","Alliance Foundation Trials, LLC.","OTHER","Palbociclib | Standard Adjuvant Endocrine Therapy","DRUG","2015-08","2028-12","2026-06-15","2026-08-12","HER2","CDK4-6 inhibitor"
"NCT06841354","A Study of Sacituzumab Tirumotecan (Sac-TMT, MK-2870) as Monotherapy and in Combination With Pembrolizumab (MK-3475) in Participants With Triple-Negative Breast Cancer (MK-2870-011/TroFuse-011)","RECRUITING","PHASE3","Merck Sharp & Dohme LLC","INDUSTRY","Sacituzumab tirumotecan | Pembrolizumab | Rescue Medication | Paclitaxel | Nab-paclitaxel | Gemcitabine | Carboplatin","BIOLOGICAL | DRUG","2025-03-16","2030-05-18","2026-08-07","2026-08-12","PD-L1 or immune","Antibody-drug conjugate | Immunotherapy"
"NCT06112379","A Phase III Randomised Study to Evaluate Dato-DXd and Durvalumab for Neoadjuvant/Adjuvant Treatment of Triple-Negative or Hormone Receptor-low/HER2-negative Breast Cancer","ACTIVE_NOT_RECRUITING","PHASE3","AstraZeneca","INDUSTRY","Dato-DXd | Durvalumab | Pembrolizumab | Doxorubicin | Epirubicin | Cyclophosphamide | Paclitaxel | Carboplatin | Capecitabine | Olaparib","DRUG","2023-11-14","2032-09-23","2026-07-13","2026-08-12","HER2 | Hormone receptor","Immunotherapy | PARP inhibitor"
"NCT02107703","A Study of Abemaciclib (LY2835219) Combined With Fulvestrant in Women With Hormone Receptor Positive HER2 Negative Breast Cancer","ACTIVE_NOT_RECRUITING","PHASE3","Eli Lilly and Company","INDUSTRY","Abemaciclib | Fulvestrant | Placebo","DRUG","2014-07-22","2027-12","2025-10-21","2026-08-12","HER2 | Hormone receptor","CDK4-6 inhibitor | Endocrine or SERD | Immunotherapy | PI3K-AKT-mTOR inhibitor"
"NCT05451784","Treatment of Advanced or Metastatic Triple-negative Breast Cancer With Adoptive Therapy of PD1+ TILS","RECRUITING","PHASE1 | PHASE2","Fundacio Clinic Barcelona","OTHER","PD1+ TILs (NUMARZU-001) product infusion","DRUG","2022-07-20","2027-09-30","2023-11-24","2026-08-12","Genomic profiling | HER2","Antibody-drug conjugate"
"NCT05086692","A Beta-only IL-2 ImmunoTherapY Study","RECRUITING","PHASE1 | PHASE2","Medicenna Therapeutics, Inc.","INDUSTRY","MDNA11 | Pembrolizumab (KEYTRUDA®)","DRUG","2021-08-27","2026-12-30","2025-07-09","2026-08-12","PD-L1 or immune","Immunotherapy"
"NCT05986071","I/II Phase Study Evaluating M1774 in Combination With Fulvestrant in HR+ and HER2- Advanced Breast Cancers","NOT_YET_RECRUITING","PHASE1 | PHASE2","Institut Paoli-Calmettes","OTHER","M1774 | Fulvestrant injection","DRUG","2024-05-01","2027-10-15","2024-03-29","2026-08-12","BRCA or HRD | ctDNA or MRD | HER2 | Hormone receptor","Antibody-drug conjugate | CDK4-6 inhibitor | Endocrine or SERD | PARP inhibitor"
"NCT06065748","A Study to Evaluate Efficacy and Safety of Giredestrant Compared With Fulvestrant (Plus a CDK4/6 Inhibitor), in Participants With ER-Positive, HER2-Negative Advanced Breast Cancer Resistant to Adjuvant Endocrine Therapy (pionERA Breast Cancer)","RECRUITING","PHASE3","Hoffmann-La Roche","INDUSTRY","Giredestrant | Fulvestrant | Abemaciclib | Palbociclib | Ribociclib | LHRH Agonist | FoundationOne Liquid CDx Assay (F1LCDx)","DRUG | DIAGNOSTIC_TEST","2023-12-11","2029-02-12","2026-08-05","2026-08-12","ctDNA or MRD | ESR1 | HER2 | Hormone receptor","CDK4-6 inhibitor | Endocrine or SERD | Immunotherapy"
"NCT05858398","Influence of Body Composition on Chemotherapy Outcomes in Localized Breast Cancer","RECRUITING",,"Centre Henri Becquerel","OTHER","pharmacokinetics blood sample assessment","BIOLOGICAL","2023-10-25","2027-05-02","2026-01-02","2026-08-12","HER2",
"NCT07498829","Population Based Germline Testing for Early Detection and Prevention of Cancer","RECRUITING",,"Queen Mary University of London","OTHER","Genetic testing for Cancer Susceptibility Genes (CSGs) (BRCA1, BRCA2, RAD51C, RAD51D, BRIP1, PALB2, MLH1, MSH2, MSH6) and personalised breast and ovarian cancer risk","GENETIC","2025-12-18","2040-12","2026-03-27","2026-08-12","BRCA or HRD",
"NCT07062965","A Study to Learn About the Study Medicine Called PF-07248144 in Combination With Fulvestrant in People With HR-positive, HER2-negative Advanced or Metastatic Breast Cancer Who Progressed After a Prior Line of Treatment.","RECRUITING","PHASE3","Pfizer","INDUSTRY","PF-07248144 | Fulvestrant | Everolimus | Exemestane","DRUG","2025-08-05","2030-11-04","2026-05-06","2026-08-12","BRCA or HRD | ESR1 | HER2 | Hormone receptor | PIK3CA-AKT1-PTEN","Antibody-drug conjugate | CDK4-6 inhibitor | Endocrine or SERD | PI3K-AKT-mTOR inhibitor"
"NCT06223698","Optimizing Extended Adjuvant Endocrine Therapy in Patients With Breast Cancer","NOT_YET_RECRUITING","PHASE3","Region Örebro County","OTHER","Letrozole | Anastrozole | Exemestane | Tamoxifen","DRUG","2025-05-02","2035-05-02","2025-04-20","2026-08-12","HER2","Endocrine or SERD"
"NCT05625087","Detection of Tumor DNA in the Blood of Patients Receiving Standard Therapy for Hormone Receptor-positive (HR+) Non-HER2 Expressing (HER2-) Metastatic Breast Cancer as a Tool to Select Those Who May Benefit From the Next Course of Fulvestrant in Combination With Alpelisib or Ribociclib","ACTIVE_NOT_RECRUITING","PHASE2","UNICANCER","OTHER","Alpelisib | Ribociclib","DRUG","2023-10-19","2030-06","2025-08-20","2026-08-12","ctDNA or MRD | HER2 | Hormone receptor | PIK3CA-AKT1-PTEN","CDK4-6 inhibitor | Endocrine or SERD | PI3K-AKT-mTOR inhibitor"
"NCT03424005","A Study Evaluating the Efficacy and Safety of Multiple Treatment Combinations in Patients With Metastatic or Locally Advanced Breast Cancer","RECRUITING","PHASE1 | PHASE2","Hoffmann-La Roche","INDUSTRY","Capecitabine | Atezolizumab | Ipatasertib | SGN-LIV1A | Bevacizumab | Chemotherapy (Gemcitabine + Carboplatin or Eribulin) | Selicrelumab | Tocilizumab | Nab-Paclitaxel | Sacituzumab Govitecan | Abemaciclib | Fulvestrant | Ribociclib (Dose #1) | Inavolisib (Dose #1) | Trastuzumab Deruxtecan | Ribociclib (Dose #2) | Letrozole | Inavolisib (Dose #2) | Empagliflozin | Palbociclib | Metformin | Atirmociclib | Giredestrant","DRUG","2018-03-30","2030-09-30","2026-07-15","2026-08-12","HER2 | Hormone receptor | PD-L1 or immune | PIK3CA-AKT1-PTEN","Antibody-drug conjugate | CDK4-6 inhibitor | Endocrine or SERD | HER2-directed | Immunotherapy | PI3K-AKT-mTOR inhibitor"
"NCT06018337","A Study of DB-1303/BNT323 vs Investigator's Choice Chemotherapy in HER2-Low, Hormone Receptor Positive Metastatic Breast Cancer (DYNASTY-Breast02)","ACTIVE_NOT_RECRUITING","PHASE3","DualityBio Inc.","INDUSTRY","DB-1303/BNT323 | Capecitabine | Paclitaxel | Nab-paclitaxel","DRUG","2024-01-18","2028-08","2026-06-02","2026-08-12","HER2 | Hormone receptor","Antibody-drug conjugate | CDK4-6 inhibitor"
"NCT06190600","Supervised Physical Activity in Young Women With Early Breast Cancer During Neoadjuvant Chemotherpy","ACTIVE_NOT_RECRUITING",,"The Greater Poland Cancer Centre","OTHER","High Intensity Interval Training (HIIT) | neoadjuvant treatment (doxorubicin, cyclophosphamide, paclitaxel, trastuzumab, pertuzumab) | Standard Supportive Care","OTHER | DRUG","2018-10-11","2026-12-31","2025-04-30","2026-08-12","HER2","HER2-directed"
"NCT04807192","CMP-001 and Pre-operative Stereotactic Body Radiation Therapy (SBRT) in Early Stage Triple Negative Breast Cancer (TNBC)","ACTIVE_NOT_RECRUITING","PHASE2","Centre Hospitalier Universitaire Vaudois","OTHER","stereotactic body radiotherapy | CMP-001","RADIATION | DRUG","2021-04-07","2027-12","2025-02-27","2026-08-12","HER2 | Hormone receptor","Immunotherapy"
"NCT02264678","Ascending Doses of Ceralasertib in Combination With Chemotherapy and/or Novel Anti Cancer Agents","ACTIVE_NOT_RECRUITING","PHASE1","AstraZeneca","INDUSTRY","Administration of ceralasertib | Administration of ceralasertib in combination with olaparib | Administation of ceralasertib in combination with durvalumab | Administration of ceralasertib monotherapy | Administration of ceralasertib and olaparib | Administration of ceralasertib and durvalumab | Administration of ceralasertib in combination with AZD5305 | Administration of ceralasertib in combination with carboplatin","DRUG","2014-10-31","2026-12-30","2026-07-24","2026-08-12","BRCA or HRD | HER2","Immunotherapy | PARP inhibitor"
"NCT06440967","A Study to Confirm if Fezolinetant Helps Reduce Hot Flashes in Women With Breast Cancer Who Are Having Hormone Therapy","ACTIVE_NOT_RECRUITING","PHASE3","Astellas Pharma Global Development, Inc.","INDUSTRY","Fezolinetant | Placebo | Tamoxifen | Aromatase inhibitor","DRUG","2024-07-31","2028-04-30","2026-06-23","2026-08-12","Genomic profiling | HER2 | Hormone receptor","CDK4-6 inhibitor | Endocrine or SERD"
"NCT04601116","The MASTER Study (MAmmary Cancer STatin ER Positive Study)","RECRUITING","PHASE3","Aarhus University Hospital","OTHER","Atorvastatin 80 Mg Oral Tablet | Placebo oral tablet","DRUG","2021-01-04","2035-01-01","2021-01-14","2026-08-12","Hormone receptor",
"NCT03740893","PHOENIX DDR/Anti-PD-L1 Trial: A Pre-surgical Window of Opportunity and Post-surgical Adjuvant Biomarker Study of DNA Damage Response Inhibition With or Without Anti-PD-L1 Immunotherapy in Patients With Neoadjuvant Treatment Resistant Residual Triple Negative Breast Cancer","RECRUITING","PHASE2","Institute of Cancer Research, United Kingdom","OTHER","AZD6738 | Olaparib | Durvalumab","DRUG","2019-10-15","2029-06","2025-08-11","2026-08-12","BRCA or HRD | Genomic profiling | HER2 | PD-L1 or immune","Immunotherapy | PARP inhibitor"
"NCT06760819","A Study to Learn More About How Well Treatment With Sevabertinib (BAY 2927088) Tablets Works and How Safe it is in Participants Who Have a Solid Tumor With Mutations of the Human Epidermal Growth Factor Receptor 2 (HER2)","RECRUITING","PHASE2","Bayer","INDUSTRY","BAY2927088","DRUG","2025-02-13","2027-10-25","2026-07-07","2026-08-12","HER2",
"NCT05646862","A Study Evaluating the Efficacy and Safety of Inavolisib Plus Fulvestrant Compared With Alpelisib Plus Fulvestrant in Participants With HR-Positive, HER2-Negative, PIK3CA Mutated, Locally Advanced or Metastatic Breast Cancer Post CDK4/6i and Endocrine Combination Therapy","ACTIVE_NOT_RECRUITING","PHASE3","Hoffmann-La Roche","INDUSTRY","Inavolisib | Fulvestrant | Alpelisib | Bupropion | Omeprazole | Midazolam","DRUG","2023-06-07","2029-03-30","2026-06-24","2026-08-12","HER2 | Hormone receptor | PIK3CA-AKT1-PTEN","CDK4-6 inhibitor | Endocrine or SERD | PI3K-AKT-mTOR inhibitor"
"NCT04711252","A Comparative Study of AZD9833 Plus Palbociclib Versus Anastrozole Plus Palbociclib in Patients With ER-Positive HER2 Negative Breast Cancer Who Have Not Received Any Systemic Treatment for Advanced Disease","ACTIVE_NOT_RECRUITING","PHASE3","AstraZeneca","INDUSTRY","AZD9833 | Anastrozole | Anastrozole placebo | AZD9833 placebo | Palbociclib | Luteinizing hormone-releasing hormone (LHRH) agonist","DRUG","2021-01-28","2029-02-01","2025-10-14","2026-08-12","HER2 | Hormone receptor","CDK4-6 inhibitor | Endocrine or SERD"
"NCT04134598","ExclUsive endocRine Therapy Or Radiation theraPy for Women Aged ≥70 Years Early Stage Breast Cancer","ACTIVE_NOT_RECRUITING","PHASE3","Azienda Ospedaliero-Universitaria Careggi","OTHER","Breast irradiation (RT) | Endocrine Therapy (ET): letrozole, anastrozole, exemestane, tamoxifen","RADIATION | DRUG","2021-02-08","2030-03-31","2025-08-29","2026-08-12","HER2 | Hormone receptor","Endocrine or SERD"
"NCT04895358","Study of Pembrolizumab (MK-3475) Plus Chemotherapy Versus Placebo Plus Chemotherapy for HR+/HER2- Locally Recurrent Inoperable or Metastatic Breast Cancer (MK-3475-B49/KEYNOTE-B49)","ACTIVE_NOT_RECRUITING","PHASE3","Merck Sharp & Dohme LLC","INDUSTRY","pembrolizumab | paclitaxel | nab-paclitaxel | liposomal doxorubicin | capecitabine | normal saline | dextrose","BIOLOGICAL | DRUG","2021-06-18","2027-12-18","2026-07-22","2026-08-12","BRCA or HRD | HER2 | Hormone receptor | PD-L1 or immune","CDK4-6 inhibitor | Immunotherapy | PARP inhibitor"
"NCT07205822","A Study of Dato-DXd in Inoperable or Metastatic Hormone Receptor-positive, HER2 IHC 0 Breast Cancer","RECRUITING","PHASE3","AstraZeneca","INDUSTRY","Dato-DXd","DRUG","2025-10-30","2028-02-02","2026-07-27","2026-08-12","Genomic profiling | HER2 | Hormone receptor","Antibody-drug conjugate | Immunotherapy"
"NCT05593094","A Phase 1 Trial of ZN-A-1041 Enteric Capsules or Combination in Participants With Human Epidermal Growth Factor Receptor 2 (HER2)-Positive Advanced Solid Tumors","ACTIVE_NOT_RECRUITING","PHASE1 | PHASE2","Hoffmann-La Roche","INDUSTRY","ZN-A-1041 | ZN-A-1041 + T-DM1 3.6 mg/kg iv. for Phase 1b | ZN-A-1041 + T-Dxd 5.4 mg/kg iv. for Phase 1b | ZN-A-1041 + PHESGO / Herceptin plus Perjeta injection for Phase 1b | ZN-A-1041 + T-DM1 3.6 mg/kg iv. for Phase 1c | ZN-A-1041 + T-Dxd 5.4 mg/kg iv. for Phase 1c | ZN-A-1041 + PHESGO / Herceptin plus Perjeta injection for Phase 1c","DRUG","2020-09-03","2027-08-31","2026-05-26","2026-08-12","HER2","HER2-directed"
"NCT03820063","Image-guided De-escalation of Neo-adjuvant Chemotherapy in HER2-positive Breast Cancer: the TRAIN-3 Study","ACTIVE_NOT_RECRUITING","PHASE2","Borstkanker Onderzoek Groep","NETWORK","PTC-Pz","DRUG","2019-02-27","2032-05-01","2025-09-19","2026-08-12","HER2","HER2-directed"
"NCT06105632","A Study to Learn About the Study Medicine Called PF-07220060 in Combination With Fulvestrant in People With HR-positive, HER2-negative Advanced or Metastatic Breast Cancer Who Progressed After a Prior Line of Treatment","ACTIVE_NOT_RECRUITING","PHASE2","Pfizer","INDUSTRY","PF-07220060 CDK4 inhibitor | Fulvestrant | Everolimus | Exemestane","DRUG","2024-01-09","2028-01-21","2026-02-13","2026-08-12","HER2 | Hormone receptor","CDK4-6 inhibitor | Endocrine or SERD | PI3K-AKT-mTOR inhibitor"
"NCT06207734","Discontinuation of CDK4/6 Inhibitors in Patients With Metastatic HR Positive, HER2 Negative Breast Cancer","RECRUITING","PHASE2","Institut für Klinische Krebsforschung IKF GmbH at Krankenhaus Nordwest","OTHER","Continuation of CDK4/6 inhibitor Palbociclib | Discontinuation of CDK4/6 inhibitor Palbociclib | Continuation of CDK4/6 inhibitor -Palbociclib | Discontinuation of CDK4/6 inhibitor -Palbociclib | Continuation of CDK4/6 inhibitor Abemaciclib | Discontinuation of CDK4/6 inhibitor Abemaciclib","DRUG","2024-01-17","2028-07-10","2025-05-01","2026-08-12","HER2 | Hormone receptor","CDK4-6 inhibitor"
"NCT03330847","To Assess Safety and Efficacy of Agents Targeting DNA Damage Repair With Olaparib Versus Olaparib Monotherapy.","ACTIVE_NOT_RECRUITING","PHASE2","AstraZeneca","INDUSTRY","Olaparib Continuous (28-Day cycle) 300 mg BD. | Ceralasertib 160 mg OD + olaparib continuous 300 mg BD (28-day cycle). | Adavosertib 150 mg BD + olaparib 200 mg BD (21-day cycle).","DRUG","2018-03-07","2026-10-09","2026-07-02","2026-08-12","BRCA or HRD | HER2","Endocrine or SERD | Immunotherapy | PARP inhibitor | PI3K-AKT-mTOR inhibitor"
"NCT07371585","Trastuzumab Deruxtecan in First-Line HER2-Positive Metastatic Breast Cancer With Proactive Toxicity Management","RECRUITING","PHASE2","SOLTI Breast Cancer Research Group","OTHER","Digital Health Tools | T-DXd | Pertuzumab","DEVICE | DRUG","2026-02-18","2030-07-01","2026-03-27","2026-08-12","HER2","Antibody-drug conjugate | HER2-directed"
"NCT06922708","Implementing Polygenic Risk Scores for Breast Cancer Prevention: a Feasibility Study","RECRUITING",,"Catholic University of the Sacred Heart","OTHER","Clinical pathway for breast cancer prevention based on PRS-integrated CanRisk assessment","GENETIC","2025-06-06","2026-11-30","2026-08-03","2026-08-12","BRCA or HRD",
"NCT05529862","Trans-RosaLEE Study: a Biomarker-directed, Translational Study","ACTIVE_NOT_RECRUITING",,"Institut Paoli-Calmettes","OTHER","Pre-treatment biopsy | Post treatment biopsy | Pre treatment blood sampling | Post treatment blood sampling","GENETIC","2023-06-20","2028-11-01","2026-01-22","2026-08-12","Genomic profiling | HER2 | Hormone receptor","CDK4-6 inhibitor"
"NCT01646034","High Dose Chemotherapy in Oligo-metastatic Homologous Recombination Deficient Breast Cancer","ACTIVE_NOT_RECRUITING","PHASE3","The Netherlands Cancer Institute","OTHER","carboplatin, thiotepa, and cyclophosphamide | chemotherapy (docetaxel, doxorubicin, cyclofosfamide, carboplatin, paclitaxel, gemcitabine)","DRUG","2014-09","2026-10","2022-10-12","2026-08-12","BRCA or HRD | HER2",
"NCT05552001","Safety and Efficacy Analysis of an Antibody Associated With a Chemotherapy for Patients With a Triple Negative Metastatic Breast Cancer","ACTIVE_NOT_RECRUITING","PHASE3","UNICANCER","OTHER","Sacituzumab govitecan","DRUG","2023-10-05","2028-05-06","2026-07-21","2026-08-12","BRCA or HRD | HER2 | Hormone receptor","Antibody-drug conjugate | Immunotherapy | PARP inhibitor"
"NCT06545942","Study of Orally Administered MOMA-313 in Participants With Advanced or Metastatic Solid Tumors","RECRUITING","PHASE1","MOMA Therapeutics","INDUSTRY","MOMA-313 | Olaparib","DRUG","2024-08-13","2027-11-30","2026-07-23","2026-08-12","BRCA or HRD","PARP inhibitor"
"NCT04538742","A Phase 1b/2 Study of T-DXd Combinations in HER2-positive Metastatic Breast Cancer","ACTIVE_NOT_RECRUITING","PHASE1 | PHASE2","AstraZeneca","INDUSTRY","Trastuzumab deruxtecan | Durvalumab | Paclitaxel | Pertuzumab | Tucatinib","DRUG","2020-12-28","2030-01-31","2025-12-08","2026-08-12","HER2 | Hormone receptor","Antibody-drug conjugate | HER2-directed | Immunotherapy"
"NCT04305496","Capivasertib+Fulvestrant vs Placebo+Fulvestrant as Treatment for Locally Advanced (Inoperable) or Metastatic HR+/HER2- Breast Cancer","ACTIVE_NOT_RECRUITING","PHASE3","AstraZeneca","INDUSTRY","Fulvestrant | Capivasertib | Placebo","DRUG","2020-04-16","2026-06-22","2026-04-30","2026-08-12","HER2 | Hormone receptor | PIK3CA-AKT1-PTEN","Endocrine or SERD | Immunotherapy | PI3K-AKT-mTOR inhibitor"
"NCT05374512","A Study of Dato-DXd Versus Investigator's Choice Chemotherapy in Patients With Locally Recurrent Inoperable or Metastatic Triple-negative Breast Cancer, Who Are Not Candidates for PD-1/PD-L1 Inhibitor Therapy (TROPION-Breast02)","ACTIVE_NOT_RECRUITING","PHASE3","AstraZeneca","INDUSTRY","Dato-DXd | Paclitaxel | Nab-paclitaxel | Carboplatin | Capecitabine | Eribulin mesylate","DRUG","2022-05-16","2026-12-31","2026-05-15","2026-08-12","Genomic profiling | HER2 | Hormone receptor | PD-L1 or immune","Antibody-drug conjugate | Immunotherapy"
"NCT06607757","Capivasertib Plus Fulvestrant vs. Fulvestrant in Primary High-risk Lobular Breast Cancer","RECRUITING","PHASE2","GBG Forschungs GmbH","OTHER","Capivasertib | Fulvestrant injection","DRUG","2024-12-04","2026-08-31","2025-04-02","2026-08-12","HER2 | Hormone receptor","Endocrine or SERD | PI3K-AKT-mTOR inhibitor"
"NCT02625441","Adjuvant Trastuzumab, Pertuzumab Plus Docetaxel in the Treatment of Early HER2-positive Breast Cancer","ACTIVE_NOT_RECRUITING","PHASE3","Helsinki University Central Hospital","OTHER","Pertuzumab | Trastuzumab","DRUG","2015-12","2025-06-01","2025-02-11","2026-08-12","HER2","HER2-directed"
"NCT04969835","A Study Evaluating the Safety, Pharmacokinetics and Early Efficacy of AVA6000 in Solid Tumours","RECRUITING","PHASE1","Avacta Life Sciences Ltd","INDUSTRY","AVA6000","DRUG","2021-07-16","2026-08-15","2026-05-15","2026-08-12","BRCA or HRD","HER2-directed"
"NCT05563220","Open-Label Umbrella Study To Evaluate Safety And Efficacy Of Elacestrant In Various Combination In Participants With Metastatic Breast Cancer","ACTIVE_NOT_RECRUITING","PHASE1 | PHASE2","Stemline Therapeutics, Inc.","INDUSTRY","Elacestrant | Alpelisib | Everolimus | Ribociclib | Palbociclib | Capivasertib | Abemaciclib","DRUG","2023-01-24","2028-12-28","2026-06-12","2026-08-12","BRCA or HRD | HER2 | Hormone receptor | PIK3CA-AKT1-PTEN","CDK4-6 inhibitor | Endocrine or SERD | PARP inhibitor | PI3K-AKT-mTOR inhibitor"
"NCT05041842","Treatment With Tucatinib in Patients With an Isolated Brain Progression of a Metastatic Breast Cancer","ACTIVE_NOT_RECRUITING","PHASE2","UNICANCER","OTHER","Tucatinib | Pertuzumab | Trastuzumab | Hormone therapy | Pertuzumab/ Trastuzumab","DRUG","2021-12-17","2026-04-30","2025-11-17","2026-08-12","HER2 | Hormone receptor","HER2-directed"
"NCT05107674","A Study of NX-1607 in Adults With Advanced Malignancies","RECRUITING","PHASE1","Nurix Therapeutics, Inc.","INDUSTRY","NX-1607 | Paclitaxel","DRUG","2021-09-29","2028-02-28","2025-09-09","2026-08-12","PD-L1 or immune","Antibody-drug conjugate | Immunotherapy"
"NCT07340619","Clinical Trial Evaluating the Biological Activity of a New Drug Identified as Prifetrastat (PF-07248144), Combined With Fulvestrant for the Treatment of Patients With Hormone Receptor Positive (HR+) and HER2 Negative (HER2-) Breast Cancer Extended to Other Organs.","NOT_YET_RECRUITING","PHASE2","UNICANCER","OTHER","prifetrastat monotherapy for 15 days then combination with fulvestrant | prifetrastat in combination with fulvestrant","DRUG","2026-09-18","2029-11-18","2026-08-03","2026-08-12","HER2 | Hormone receptor","CDK4-6 inhibitor | Endocrine or SERD"
"NCT06084481","Study to Assess Adverse Events and Change in Disease Activity in Adult Participants With Select Advanced Solid Tumor Indications Receiving Intravenous (IV) ABBV-400","ACTIVE_NOT_RECRUITING","PHASE1","AbbVie","INDUSTRY","ABBV-400 | Itraconazole (ITZ) | Bevacizumab","DRUG","2023-11-09","2027-09","2026-08-04","2026-08-12","HER2 | Hormone receptor","Immunotherapy"
"NCT04873362","A Study Evaluating the Efficacy and Safety of Adjuvant Atezolizumab or Placebo and Trastuzumab Emtansine for Participants With HER2-Positive Breast Cancer at High Risk of Recurrence Following Preoperative Therapy","ACTIVE_NOT_RECRUITING","PHASE3","Hoffmann-La Roche","INDUSTRY","Atezolizumab | Trastuzumab Emtansine | Placebo | Trastuzumab","DRUG","2021-05-04","2034-10-02","2026-03-04","2026-08-12","HER2 | Hormone receptor | PD-L1 or immune","Antibody-drug conjugate | HER2-directed | Immunotherapy"
"NCT02592083","Neoadjuvant Response-guided Treatment of Slowly Proliferating Hormone Receptor Positive Tumors","ACTIVE_NOT_RECRUITING","PHASE2","Thomas Hatschek","OTHER","Tamoxifen or Aromatase Inhibitor or Aromatase Inhibitor + goserelin | Palbociclib","DRUG","2015-10","2029-02","2020-07-07","2026-08-12","HER2 | Hormone receptor","CDK4-6 inhibitor | Endocrine or SERD"
"NCT04561362","Study BT8009-100 in Subjects With Nectin-4 Expressing Advanced Malignancies","ACTIVE_NOT_RECRUITING","PHASE1 | PHASE2","BicycleTx Limited","INDUSTRY","BT8009 | Pembrolizumab","DRUG","2020-07-17","2026-12","2025-11-14","2026-08-12","HER2 | Hormone receptor","Antibody-drug conjugate | Immunotherapy"
"NCT01057069","Neo Adjuvant Chemotherapy in Triple Negative Breast Cancer","ACTIVE_NOT_RECRUITING","PHASE2 | PHASE3","The Netherlands Cancer Institute","OTHER","Carboplatin and Paclitaxel | Doxorubicin, cyclophosphamide | Doxorubicin, cyclophosphamide, carboplatin, thiotepa, cyclophosphamide","DRUG","2010-01","2029-12","2022-10-12","2026-08-12","BRCA or HRD | HER2 | Hormone receptor",
"NCT03616886","Paclitaxel + Carboplatin + Durvalumab With or Without Oleclumab for Previously Untreated Locally Recurrent Inoperable or Metastatic TNBC","ACTIVE_NOT_RECRUITING","PHASE1 | PHASE2","Jules Bordet Institute","OTHER","Paclitaxel | Carboplatin | MEDI4736 | MEDI9447","DRUG","2018-12-28","2025-12","2024-12-19","2026-08-12","Genomic profiling | HER2 | Hormone receptor | PD-L1 or immune","Immunotherapy"
"NCT02779751","A Study of Abemaciclib (LY2835219) in Participants With Non-Small Cell Lung Cancer or Breast Cancer","ACTIVE_NOT_RECRUITING","PHASE1","Eli Lilly and Company","INDUSTRY","Abemaciclib | Pembrolizumab | Anastrozole","DRUG","2016-11-14","2026-12","2026-01-26","2026-08-12","HER2 | Hormone receptor | PD-L1 or immune","CDK4-6 inhibitor | Endocrine or SERD | Immunotherapy"
"NCT06157892","A Study of Disitamab Vedotin With Other Anticancer Drugs in Solid Tumors","ACTIVE_NOT_RECRUITING","PHASE2","Seagen, a wholly owned subsidiary of Pfizer","INDUSTRY","disitamab vedotin | tucatinib","DRUG","2024-05-20","2029-07-28","2026-07-22","2026-08-12","BRCA or HRD | Genomic profiling | HER2 | PD-L1 or immune","Antibody-drug conjugate | CDK4-6 inhibitor | HER2-directed | Immunotherapy"
"NCT01996267","Neoadjuvant Chemotherapy in HER2 Positive Breast Cancer, TRAIN-2","ACTIVE_NOT_RECRUITING","PHASE3","The Netherlands Cancer Institute","OTHER","PTC+Pertuzumab | FEC-T+Pertuzumab","DRUG","2013-12","2030-12","2024-03-29","2026-08-12","HER2","HER2-directed"
"NCT05544929","A Study of Safety and Efficacy of KFA115 Alone and in Combo With Pembrolizumab in Patients With Select Advanced Cancers","ACTIVE_NOT_RECRUITING","PHASE1","Novartis Pharmaceuticals","INDUSTRY","KFA115 | pembrolizumab","DRUG","2022-10-26","2027-09-01","2026-01-06","2026-08-12","BRCA or HRD | PD-L1 or immune","Antibody-drug conjugate | Immunotherapy | PARP inhibitor"
"NCT07195227","Efficacy and Safety of Camizestrant Plus Ribociclib in Patients With Breast Cancer","RECRUITING","PHASE2","MedSIR","OTHER","Camizestrant | Ribociclib","DRUG","2026-03-24","2028-03","2026-05-29","2026-08-12","HER2 | Hormone receptor","CDK4-6 inhibitor | Endocrine or SERD"
"NCT05894239","A Study to Evaluate the Efficacy and Safety of Inavolisib in Combination With Phesgo Versus Placebo in Combination With Phesgo in Participants With PIK3CA-Mutated HER2-Positive Locally Advanced or Metastatic Breast Cancer","RECRUITING","PHASE3","Hoffmann-La Roche","INDUSTRY","Inavolisib | Phesgo | Placebo | Taxane-based Chemotherapy | Optional Endocrine Therapy of Investigator's Choice","DRUG","2023-09-08","2032-12-28","2026-07-27","2026-08-12","HER2 | PIK3CA-AKT1-PTEN","HER2-directed | PI3K-AKT-mTOR inhibitor"
"NCT05143970","A Phase 1 First-In-Human Study of the Anti-CD73 IPH5301 Alone or in Combination With Chemotherapy and Trastuzumab in Patients With Advanced Solid Tumors","ACTIVE_NOT_RECRUITING","PHASE1","Institut Paoli-Calmettes","OTHER","IPH5301 ALONE OR IN COMBINATION WITH CHEMOTHERAPY AND TRASTUZUMAB","DRUG","2022-01-21","2027-03","2026-06-22","2026-08-12","BRCA or HRD | HER2 | Hormone receptor | PD-L1 or immune","Antibody-drug conjugate | CDK4-6 inhibitor | HER2-directed | Immunotherapy | PARP inhibitor"
"NCT05514054","A Study of Imlunestrant Versus Standard Endocrine Therapy in Participants With Early Breast Cancer","ACTIVE_NOT_RECRUITING","PHASE3","Eli Lilly and Company","INDUSTRY","Imlunestrant | Tamoxifen | Anastrozole | Letrozole | Exemestane","DRUG","2022-10-04","2032-03","2026-04-02","2026-08-12","HER2 | Hormone receptor","CDK4-6 inhibitor | Endocrine or SERD"
"NCT05683418","A Study to Evaluate the Safety and Tolerability of TOS-358 in Women With HR+ HER2- Breast Cancer","RECRUITING","PHASE1","Totus Medicines","INDUSTRY","TOS-358 | Fulvestrant | Palbociclib | Ribociclib","DRUG","2023-02-15","2027-12","2026-04-22","2026-08-12","HER2 | PIK3CA-AKT1-PTEN","CDK4-6 inhibitor | Endocrine or SERD"
"NCT05900206","Trastuzumab Deruxtecan Versus Standard Neoadjuvant Treatment for HER2-positive Breast Cancer","RECRUITING","PHASE2","Karolinska University Hospital","OTHER","Trastuzumab deruxtecan | Docetaxel | Paclitaxel | Carboplatin | Trastuzumab | Pertuzumab | Ribociclib | Letrozole | Epirubicin | Cyclophosphamide","DRUG","2023-10-26","2032-04-30","2025-09-02","2026-08-12","HER2 | Hormone receptor","Antibody-drug conjugate | CDK4-6 inhibitor | Endocrine or SERD | HER2-directed"
"NCT06726148","Study of ECI830 Single Agent or in Combination in Patients With Advanced HR+/HER2- Breast Cancer and in Patients With Other Advanced Solid Tumors","RECRUITING","PHASE1 | PHASE2","Novartis Pharmaceuticals","INDUSTRY","ECI830 | ribociclib | fulvestrant","DRUG","2025-04-03","2028-09-25","2026-07-13","2026-08-12","HER2 | Hormone receptor","CDK4-6 inhibitor | Endocrine or SERD"
"NCT03821935","Study to Determine the Safety, Tolerability, Pharmacokinetics and Recommended Phase 2 Dose (RP2D) of Livmoniplimab (ABBV-151) as a Single Agent and in Combination With Budigalimab (ABBV-181) in Participants With Locally Advanced or Metastatic Solid Tumors","ACTIVE_NOT_RECRUITING","PHASE1","AbbVie","INDUSTRY","Livmoniplimab | Budigalimab","DRUG","2019-02-21","2027-06","2025-05-25","2026-08-12","Genomic profiling | PD-L1 or immune","Immunotherapy"
"NCT05985655","Study to Assess GTAEXS617 in Participants With Advanced Solid Tumors","RECRUITING","PHASE1 | PHASE2","Exscientia AI Ltd., a wholly owned subsidiary of Recursion Pharmaceuticals, Inc.","INDUSTRY","GTAEXS617 | SoC","DRUG","2023-07-06","2028-05","2026-04-23","2026-08-12","HER2 | Hormone receptor","CDK4-6 inhibitor"
"NCT04557449","Study to Test the Safety and Tolerability of PF-07220060 in Participants With Advance Solid Tumors","ACTIVE_NOT_RECRUITING","PHASE2","Pfizer","INDUSTRY","PF-07220060 | Letrozole | Fulvestrant | Midazolam | Enzalutamide","DRUG | COMBINATION_PRODUCT","2020-09-23","2027-11-23","2025-10-01","2026-08-12","HER2 | Hormone receptor | PIK3CA-AKT1-PTEN","CDK4-6 inhibitor | Endocrine or SERD | PI3K-AKT-mTOR inhibitor"
"NCT02299999","SAFIR02_Breast - Efficacy of Genome Analysis as a Therapeutic Decision Tool for Patients With Metastatic Breast Cancer","ACTIVE_NOT_RECRUITING","PHASE2","UNICANCER","OTHER","AZD2014 | AZD4547 | AZD5363 | AZD8931 | Selumetinib | Vandetanib | Bicalutamide | Olaparib | Anthracyclines | Taxanes | cyclophosphamide | DNA intercalators | Methotrexate | vinca alkaloids | Platinum based chemotherapies | Bevacizumab | Mitomycin C | Eribulin | MEDI4736","DRUG","2014-04-07","2025-12","2025-01-15","2026-08-12","Genomic profiling | HER2 | PD-L1 or immune","Immunotherapy | PARP inhibitor"
"NCT06450314","Decreasing Treatment for Metastatic HER2-Positive Breast Cancer With Undectable Cancer Levels in Blood Tests.","RECRUITING","PHASE2","UNICANCER","OTHER","Discontinuation of the anti-HER2 maintenance therapy | Monitoring with signatera test","DRUG | DEVICE","2025-01-25","2029-12-15","2026-07-21","2026-08-12","ctDNA or MRD | Genomic profiling | HER2 | Hormone receptor","Antibody-drug conjugate | HER2-directed"
"NCT04961996","A Study Evaluating the Efficacy and Safety of Adjuvant Giredestrant Compared With Physician's Choice of Adjuvant Endocrine Monotherapy in Participants With Estrogen Receptor-Positive, HER2-Negative Early Breast Cancer (lidERA Breast Cancer)","ACTIVE_NOT_RECRUITING","PHASE3","Hoffmann-La Roche","INDUSTRY","Giredestrant | Physician's Choice of Endocrine Therapy | LHRH Agonist","DRUG","2021-08-27","2033-09-30","2026-06-17","2026-08-12","HER2 | Hormone receptor","CDK4-6 inhibitor | Endocrine or SERD"
"NCT04478279","A Phase 1-2 Study of ST101 in Patients With Advanced Solid Tumors","ACTIVE_NOT_RECRUITING","PHASE1 | PHASE2","Sapience Therapeutics","INDUSTRY","ST101 | Temozolomide | Radiation","DRUG | RADIATION","2020-07-01","2026-12","2026-02-09","2026-08-12","Hormone receptor","CDK4-6 inhibitor"
"NCT07007559","ASPEN-09-03: A Study of Evorpacept in Combination With Trastuzumab and Chemotherapy in Metastatic HER2-Positive Breast Cancer","RECRUITING","PHASE2","ALX Oncology Inc.","INDUSTRY","Evorpacept (ALX148) | Trastuzumab | Paclitaxel | Capecitabine | Eribulin | Gemcitabine | Vinorelbine","DRUG","2025-12-10","2028-12","2026-06-05","2026-08-12","HER2","Antibody-drug conjugate | HER2-directed"
"NCT04964934","Phase III Study to Assess AZD9833+ CDK4/6 Inhibitor in HR+/HER2-MBC With Detectable ESR1m Before Progression (SERENA-6)","ACTIVE_NOT_RECRUITING","PHASE3","AstraZeneca","INDUSTRY","AZD9833 | AZD9833 Placebo | Anastrozole | Anastrozole placebo | Letrozole | Letrozole placebo | Palbociclib | Abemaciclib | Luteinizing hormone-releasing hormone (LHRH) agonist | Ribociclib","DRUG","2021-06-30","2028-09-01","2026-07-14","2026-08-12","ctDNA or MRD | ESR1 | HER2 | Hormone receptor","CDK4-6 inhibitor | Endocrine or SERD"
"NCT03161353","Chemotherapy-free Trastuzumab and Pertuzumab in HER2-positive Breast Cancer: FDG-PET Response-adapted Strategy.","ACTIVE_NOT_RECRUITING","PHASE2","MedSIR","OTHER","Perjeta | Herceptin | Docetaxel | Carboplatin | Letrozole | Tamoxifen","DRUG","2017-06-26","2026-11-01","2025-04-23","2026-08-12","HER2 | Hormone receptor","Endocrine or SERD | HER2-directed"
"NCT05216432","First-in-Human Study of Mutant-selective PI3Kα Inhibitor, RLY-2608, as a Single Agent in Patients With Advanced Solid Tumors and in Combination With Endocrine Therapy +/- a CDK4/6 or CDK4 Inhibitor in Patients With Advanced Solid Tumors or Advanced Breast Cancer","RECRUITING","PHASE1","Relay Therapeutics, Inc.","INDUSTRY","RLY-2608 | Fulvestrant | Palbociclib 125mg | Ribociclib 400mg | Ribociclib 600mg | PF-07220060 100mg | PF-07220060 300 mg","DRUG","2021-12-08","2027-04-30","2025-09-22","2026-08-12","BRCA or HRD | HER2 | Hormone receptor | PIK3CA-AKT1-PTEN","Antibody-drug conjugate | CDK4-6 inhibitor | Endocrine or SERD | Immunotherapy | PARP inhibitor | PI3K-AKT-mTOR inhibitor"
"NCT05088785","Dynamic and Test-retest Whole Body [18F]FES PET Imaging in Patients With Metastatic ER+ Breast Cancer","ACTIVE_NOT_RECRUITING",,"Amsterdam UMC, location VUmc","OTHER","FES","DRUG","2021-10-11","2026-12","2026-05-27","2026-08-12","Hormone receptor","Endocrine or SERD"
"NCT06044623","Implementing Geriatric Assessment for Dose Optimization of Cyclin-dependent Kinase (CDK) 4/6-inhibitors in Older Breast Cancer Patients","RECRUITING","PHASE3","Region Örebro County","OTHER","CDK 4/6 inhibitors | Endocrine therapy","DRUG","2024-04-01","2029-05-31","2024-11-19","2026-08-12","HER2 | Hormone receptor","CDK4-6 inhibitor | Endocrine or SERD"
"NCT04288089","A Study of H3B-6545 in Combination With Palbociclib in Women With Advanced or Metastatic Estrogen Receptor-Positive Human Epidermal Growth Factor Receptor-2 (HER2)-Negative Breast Cancer","ACTIVE_NOT_RECRUITING","PHASE1","Eisai Inc.","INDUSTRY","Palbociclib (75, 100, 125 milligram [mg]) | H3B-6545 (150, 300, 450 mg)","DRUG","2020-04-01","2027-03-31","2026-02-27","2026-08-12","HER2 | Hormone receptor","CDK4-6 inhibitor"
"NCT04733118","Chemotherapy-Free pCR-Guided Strategy With Trastuzumab-pertuzumab and T-DM1 in HER2-positive Early Breast Cancer","ACTIVE_NOT_RECRUITING","PHASE2","MedSIR","OTHER","Trastuzumab and Pertuzumab (FDC SC) and T-DM1","DRUG","2021-08-05","2028-03","2026-04-29","2026-08-12","HER2 | Hormone receptor","HER2-directed"
"NCT03997123","Capivasertib+Paclitaxel as First Line Treatment for Patients With Locally Advanced or Metastatic TNBC","ACTIVE_NOT_RECRUITING","PHASE3","AstraZeneca","INDUSTRY","Capivasertib | Paclitaxel | Placebo","DRUG","2019-06-25","2026-03-16","2025-12-22","2026-08-12","PIK3CA-AKT1-PTEN","Immunotherapy | PI3K-AKT-mTOR inhibitor"
"NCT05870579","[177Lu]Lu-NeoB in Combination With Ribociclib and Fulvestrant in Participants With ER+, HER2- and GRPR+ Advanced Breast Cancer","ACTIVE_NOT_RECRUITING","PHASE1","Novartis Pharmaceuticals","INDUSTRY","[68Ga]Ga-NeoB | [177Lu]Lu-NeoB | Ribociclib | Fulvestrant | Goserelin","DRUG | OTHER","2023-11-13","2032-04-27","2026-07-06","2026-08-12","HER2 | Hormone receptor","CDK4-6 inhibitor | Endocrine or SERD"
"NCT06172127","PHESGO Maintenance After T-DXd Short Induction for HER2+ Unresectable Locally Recurrent or Metastatic Breast Cancer","ACTIVE_NOT_RECRUITING","PHASE2","MedSIR","OTHER","Trastuzumab deruxtecan | Phesgo 1,200 MG / 600 MG / 30,000 UNT Per 15 ML Injection | Phesgo 600 MG / 600 MG / 20,000 UNT in 10 mL Injection","DRUG","2024-07-22","2029-06","2026-04-29","2026-08-12","HER2 | Hormone receptor","Antibody-drug conjugate | HER2-directed"
"NCT05215106","Short-term Pre-OPerative Durvalumab (MEDI 4736) in Early Small Triple Negative Breast Cancer Patients (POP-Durva)","ACTIVE_NOT_RECRUITING","PHASE2","Gustave Roussy, Cancer Campus, Grand Paris","OTHER","Durvalumab","DRUG","2021-12-06","2026-09-15","2026-08-05","2026-08-12","HER2 | PD-L1 or immune","Immunotherapy"
"NCT05620134","Study of JK08 in Patients with Unresectable Locally Advanced or Metastatic Cancer","ACTIVE_NOT_RECRUITING","PHASE1 | PHASE2","Salubris Biotherapeutics Inc","INDUSTRY","JK08 | Pembrolizumab | Lenvatinib Pill","DRUG","2022-10-17","2026-02-20","2024-10-15","2026-08-12","HER2","Antibody-drug conjugate | Immunotherapy"
"NCT07427394","Study to Evaluate the Safety and Tolerability of Camizestrant in Combination With Atirmociclib in Women With Advanced Breast Cancer","RECRUITING","PHASE2","AstraZeneca","INDUSTRY","Camizestrant | Atirmociclib","DRUG","2026-05-06","2027-12-29","2026-08-07","2026-08-12","HER2 | Hormone receptor","CDK4-6 inhibitor | Endocrine or SERD"
"NCT05417594","Study of AZD9574 as Monotherapy and in Combination With Anti-cancer Agents in Participants With Advanced Solid Malignancies","RECRUITING","PHASE1 | PHASE2","AstraZeneca","INDUSTRY","AZD9574 | Temozolomide (TMZ) | [11C]AZ1419 3391 | Trastuzumab Deruxtecan (T-DXd) | Datopotamab Deruxtecan (Dato-DXd)","DRUG","2022-06-24","2027-11-01","2026-07-07","2026-08-12","BRCA or HRD | HER2","Antibody-drug conjugate | HER2-directed"
"NCT05827081","Phase IIIb Study of Ribociclib + ET in Early Breast Cancer","RECRUITING","PHASE3","Novartis Pharmaceuticals","INDUSTRY","Ribociclib | Letrozole | Ansastrozole | Goserelin | Leuprolide | Exemestane","DRUG","2024-02-28","2030-09-20","2026-07-17","2026-08-12","Genomic profiling | HER2 | Hormone receptor","CDK4-6 inhibitor | Endocrine or SERD"
"NCT05038735","Study to Assess the Efficacy and Safety of Alpelisib Plus Fulvestrant in Participants With HR-positive (HR+), HER2-negative, Advanced Breast Cancer After Treatment With a CDK4/6 Inhibitor and an Aromatase Inhibitor.","ACTIVE_NOT_RECRUITING","PHASE3","Novartis Pharmaceuticals","INDUSTRY","Alpelisib | Fulvestrant | Alpelisib-matching placebo","DRUG","2021-12-17","2027-02-26","2026-07-14","2026-08-12","ctDNA or MRD | HER2 | Hormone receptor | PIK3CA-AKT1-PTEN","CDK4-6 inhibitor | Endocrine or SERD | PI3K-AKT-mTOR inhibitor"
"NCT05501886","Gedatolisib Plus Fulvestrant With or Without Palbociclib vs Standard-of-Care for the Treatment of Patients With Advanced or Metastatic HR+/HER2- Breast Cancer (VIKTORIA-1)","ACTIVE_NOT_RECRUITING","PHASE3","Celcuity Inc","INDUSTRY","Gedatolisib | Palbociclib | Fulvestrant | Alpelisib","DRUG","2022-12-08","2026-12-31","2026-02-10","2026-08-12","HER2 | Hormone receptor | PIK3CA-AKT1-PTEN","Antibody-drug conjugate | CDK4-6 inhibitor | Endocrine or SERD | PI3K-AKT-mTOR inhibitor"
"NCT07237256","Chemotherapy De-escalation in HR +, HER2-, Intermediate-risk Early Breast Cancer Treated With Adjuvant Ribociclib","RECRUITING","PHASE3","UNICANCER","OTHER","Chemotherapy followed by endocrine therapy and ribociclib treatment | De-escalation","DRUG | OTHER","2025-12-18","2037-12-31","2026-05-26","2026-08-12","Genomic profiling | HER2 | Hormone receptor","CDK4-6 inhibitor | Endocrine or SERD"
"NCT02965950","The p53 Breast Cancer Trial","ACTIVE_NOT_RECRUITING","PHASE2","Haukeland University Hospital","OTHER","Cyclophosphamide","DRUG","2016-10","2033-05","2024-01-12","2026-08-12","HER2 | Hormone receptor","CDK4-6 inhibitor | PI3K-AKT-mTOR inhibitor"
"NCT05708235","A PoC Study to Evaluate Treatments' Efficacy by Monitoring MRD Using ctDNA in HR-positive/HER2-negative EBC Population","RECRUITING","PHASE2","MedSIR","OTHER","Giredestrant | Abemaciclib | Inavolisib","DRUG","2024-04-01","2028-06-30","2026-03-05","2026-08-12","ctDNA or MRD | Genomic profiling | HER2 | Hormone receptor | PIK3CA-AKT1-PTEN","CDK4-6 inhibitor | Endocrine or SERD | PI3K-AKT-mTOR inhibitor"
"NCT05573126","Phase 1/2 Study to Evaluate EP0062 as Monotherapy and in Combination in Patients With Advanced or Metastatic AR+/HER-2-/ER+ Breast Cancer","RECRUITING","PHASE1 | PHASE2","Ellipses Pharma","INDUSTRY","EP0062 | Elacestrant | Everolimus | Abemaciclib | Fulvestrant | Exemestane","DRUG","2023-01-11","2028-02","2026-06-22","2026-08-12","HER2 | Hormone receptor","CDK4-6 inhibitor | Endocrine or SERD | PI3K-AKT-mTOR inhibitor"
"NCT06452394","NEODOXy: Targeting Breast Cancer Stem Cells With Doxycycline","RECRUITING","PHASE2","Swiss Cancer Institute","OTHER","Doxycyclin","DRUG","2025-07-16","2028-12-31","2025-12-30","2026-08-12","HER2",
"NCT03815890","Pre-operative Trial for Breast Cancer With Nivolumab in Combination With Novel IO","RECRUITING","PHASE2","The Netherlands Cancer Institute","OTHER","Nivolumab | Ipilimumab","DRUG","2019-10-04","2033-01-01","2024-05-30","2026-08-12","HER2 | PD-L1 or immune","Immunotherapy"
"NCT05113251","Trastuzumab Deruxtecan (T-DXd) Alone or in Sequence With THP, Versus Standard Treatment (ddAC-THP), in HER2-positive Early Breast Cancer","ACTIVE_NOT_RECRUITING","PHASE3","AstraZeneca","INDUSTRY","Trastuzumab Deruxtecan | Paclitaxel | Trastuzumab | Pertuzumab | Doxorubicin | cyclophosphamide","DRUG","2021-10-25","2027-04-30","2026-08-11","2026-08-12","HER2","Antibody-drug conjugate | HER2-directed"
"NCT06033092","Low Dose TamOxifen and LifestylE Changes for bReast cANcer prevenTion","ACTIVE_NOT_RECRUITING","PHASE2","European Institute of Oncology","OTHER","Tamoxifen 10 mg Tablet | Intermittent caloric restriction | Step counter Device","DRUG | OTHER | BEHAVIORAL","2024-06-21","2026-01","2025-08-28","2026-08-12","BRCA or HRD","Endocrine or SERD"
"NCT05081609","A Study to Investigate Safety and Tolerability of TransCon IL-2 β/γ Alone or in Combination With Pembrolizumab and/or TransCon TLR7/8 Agonist or Other Anticancer Therapies in Adult Participants With Locally Advanced or Metastatic Solid Tumor Malignancies","ACTIVE_NOT_RECRUITING","PHASE1 | PHASE2","Ascendis Pharma Oncology Division A/S","INDUSTRY","TransCon IL-2 β/γ | Pembrolizumab | Chemotherapy drug | TransCon TLR7/8 Agonist | Surgery | Trastuzumab | Trastuzumab emtansine (T-DM1)","DRUG | PROCEDURE","2022-01-11","2029-08","2026-02-24","2026-08-12","HER2 | PD-L1 or immune","Antibody-drug conjugate | HER2-directed | Immunotherapy"
"NCT06486883","Safety and Efficacy of T-DXd vs. CDK4/6i-based ET as First-line Therapy of HR-positive and HER2-low/Ultralow Advanced Breast Cancer Patients Classified as Non-luminal Subtype","RECRUITING","PHASE2","MedSIR","OTHER","Trastuzumab deruxtecan (T-DXd, DS-8201a) | CDK4/6i plus ET","DRUG","2025-06-30","2028-01","2026-07-30","2026-08-12","Genomic profiling | HER2 | Hormone receptor","Antibody-drug conjugate | CDK4-6 inhibitor | Endocrine or SERD | HER2-directed"
"NCT03725059","Study of Pembrolizumab (MK-3475) Versus Placebo in Combination With Neoadjuvant Chemotherapy & Adjuvant Endocrine Therapy in the Treatment of Early-Stage Estrogen Receptor-Positive, Human Epidermal Growth Factor Receptor 2-Negative (ER+/HER2-) Breast Cancer (MK-3475-756/KEYNOTE-756)","ACTIVE_NOT_RECRUITING","PHASE3","Merck Sharp & Dohme LLC","INDUSTRY","Pembrolizumab (K) | Placebo (P) | Paclitaxel (X) | Doxorubicin (A) | Epirubicin (E) | Cyclophosphamide (C) | Endocrine therapy | Radiation therapy | Surgery","BIOLOGICAL | DRUG | RADIATION | PROCEDURE","2018-12-27","2031-01-24","2025-07-11","2026-08-12","HER2 | Hormone receptor | PD-L1 or immune","Immunotherapy"
"NCT07261631","Phase I Study of [177Lu]Lu-DFC413 in Patients With Solid Tumors","RECRUITING","PHASE1","Novartis Pharmaceuticals","INDUSTRY","68Ga-NNS309 | 177Lu-DFC413","DRUG","2025-11-24","2029-05-09","2026-06-17","2026-08-12","HER2 | PD-L1 or immune","Immunotherapy"
"NCT00099437","Comparison of Fulvestrant (FASLODEX™) 250 mg and 500 mg in Postmenopausal Women With Oestrogen Receptor Positive Advanced Breast Cancer Progressing or Relapsing After Previous Endocrine Therapy.","ACTIVE_NOT_RECRUITING","PHASE3","AstraZeneca","INDUSTRY","Fulvestrant","DRUG","2005-02-13","2026-12-31","2026-06-11","2026-08-12","Hormone receptor","Endocrine or SERD"
"NCT07413939","RO7771950 Versus Tucatinib in Combination With Trastuzumab and Capecitabine in People With Locally Advanced or Metastatic Breast Cancer That is Human Epidermal Growth Factor Receptor 2 (HER2)-Positive","RECRUITING","PHASE2 | PHASE3","Hoffmann-La Roche","INDUSTRY","RO7771950 | Tucatinib | Trastuzumab | Capecitabine","DRUG","2026-05-21","2032-09-29","2026-08-05","2026-08-12","HER2","Antibody-drug conjugate | HER2-directed"
"NCT07159451","A Short-term Preoperative, Evaluating Activity and Safety of Elacestrant Monotherapy as Compared to Elacestrant + Ovarian Function Suppression (LHRH Agonist) in Premenopausal Patients With Stage I-II ER+/HER2- Breast Cancer","RECRUITING","PHASE2","Gustave Roussy, Cancer Campus, Grand Paris","OTHER","Elacestrant | Leuprorelin","DRUG","2025-10-06","2027-05-29","2025-12-01","2026-08-12","HER2 | Hormone receptor","Endocrine or SERD"
"NCT06342037","NOvel Immunotherapy Strategies for Advanced Triple Negative Breast Cancer (TNBC) Patients: TONIC-3 Trial","RECRUITING","PHASE2","The Netherlands Cancer Institute","OTHER","Tiragolumab | Atezolizumab | Ipilimumab","DRUG","2024-06-12","2030-04-01","2024-09-19","2026-08-12","HER2 | Hormone receptor | PD-L1 or immune","Antibody-drug conjugate | Immunotherapy"
"NCT04546009","A Study Evaluating the Efficacy and Safety of Giredestrant Combined With Palbociclib Compared With Letrozole Combined With Palbociclib in Participants With Estrogen Receptor-Positive, HER2-Negative Locally Advanced or Metastatic Breast Cancer (persevERA Breast Cancer)","ACTIVE_NOT_RECRUITING","PHASE3","Hoffmann-La Roche","INDUSTRY","Giredestrant | Giredestrant-matched Placebo | Letrozole | Letrozole-matched Placebo | Palbociclib | LHRH Agonist","DRUG","2020-10-09","2028-03-25","2026-05-19","2026-08-12","HER2 | Hormone receptor","CDK4-6 inhibitor | Endocrine or SERD"
"NCT05898399","Study of ART6043 in Advanced/Metastatic Solid Tumors Patients (POLKA)","RECRUITING","PHASE1 | PHASE2","Artios Pharma Ltd","INDUSTRY","ART6043 | Olaparib","DRUG","2023-06-30","2028-09-30","2026-05-01","2026-08-12","BRCA or HRD | HER2","PARP inhibitor"
"NCT05983432","Evaluate BL-B01D1 in Patients With Metastatic or Unresectable Non-Small Cell Lung Cancer (NSCLC) and Other Solid Tumors","RECRUITING","PHASE1","SystImmune Inc.","INDUSTRY","BL-B01D1","DRUG","2023-08-08","2028-03-21","2026-01-29","2026-08-12","BRCA or HRD | HER2 | Hormone receptor | PD-L1 or immune","Antibody-drug conjugate | CDK4-6 inhibitor | HER2-directed | Immunotherapy | PARP inhibitor"
"NCT03609047","Adjuvant Palbociclib in Elderly Patients With Breast Cancer","ACTIVE_NOT_RECRUITING","PHASE2","European Organisation for Research and Treatment of Cancer - EORTC","NETWORK","Palbociclib | Docetaxel / cyclophosphamide | doxorubicin/cyclophosphamide | epirubicin/cyclophosphamide | paclitaxel","DRUG","2019-06-14","2026-09-30","2026-05-12","2026-08-12","Genomic profiling | HER2 | Hormone receptor","CDK4-6 inhibitor"
"NCT05898009","Contribution of Oncogenetics in Breast Cancer in Reunion Epidemiology of Breast Cancer in Reunion: Study of the Reunion Mutation on BRCA2","RECRUITING",,"Centre Hospitalier Universitaire de la Réunion","OTHER","blood sample for BRCA2 mutation detection","GENETIC","2023-10-19","2026-03-22","2024-08-22","2026-08-12","BRCA or HRD",
"NCT06193525","FUnctional Selection of Advanced Breast Cancer Patients for Talazoparib Treatment Using the REpair Capacity (RECAP) Test","RECRUITING","PHASE2","Erasmus Medical Center","OTHER","Talazoparib","DRUG","2019-09-16","2025-12","2025-02-28","2026-08-12","BRCA or HRD | HER2","PARP inhibitor"
"NCT05492682","START: Safety and Anti-Tumor Activity of PeptiCRAd-1 in Treatment of Cancer","RECRUITING","PHASE1","Valo Therapeutics Oy","INDUSTRY","PeptiCRAd-1 | Cyclophosphamide | Pembrolizumab","DRUG","2023-02-02","2027-05-31","2026-05-12","2026-08-12","PD-L1 or immune","Immunotherapy"
"NCT04208178","Study of Alpelisib (BYL719) in Combination With Trastuzumab and Pertuzumab as Maintenance Therapy in Patients With HER2-positive Advanced Breast Cancer With a PIK3CA Mutation","ACTIVE_NOT_RECRUITING","PHASE3","Novartis Pharmaceuticals","INDUSTRY","Alpelisib | Alpelisib matching Placebo | Trastuzumab | Pertuzumab","DRUG","2020-07-16","2027-02-26","2026-06-11","2026-08-12","HER2 | PIK3CA-AKT1-PTEN","HER2-directed | PI3K-AKT-mTOR inhibitor"
"NCT05252988","Three Antidiarrheal Strategies in HER2+/HR+ Early Breast Cancer Patients Treated With Extended Adjuvant Neratinib","ACTIVE_NOT_RECRUITING","PHASE2","Spanish Breast Cancer Research Group","OTHER","Neratinib | Loperamide | Colesevelam","DRUG","2022-08-31","2030-01","2025-04-01","2026-08-12","HER2 | Hormone receptor","Antibody-drug conjugate | HER2-directed | Immunotherapy"
"NCT04214288","A Study to Investigate Efficacy and Safety With Oral AZD9833 Compared With Intramuscular Fulvestrant in Post-menopausal Women at Least 18 Years of Age With Advanced ER-positive HER2 Negative Breast Cancer","ACTIVE_NOT_RECRUITING","PHASE2","AstraZeneca","INDUSTRY","AZD9833 | Fulvestrant","DRUG","2020-04-22","2027-06-16","2026-06-15","2026-08-12","HER2 | Hormone receptor","CDK4-6 inhibitor | Endocrine or SERD"
"NCT07288359","Study of GVV858 as a Single Agent or in Combination With Endocrine Therapy in Patients With HR+/HER2- Breast Cancer and Other Advanced Solid Tumors","RECRUITING","PHASE1 | PHASE2","Novartis Pharmaceuticals","INDUSTRY","GVV858 | Fulvestrant | Letrozole","DRUG","2025-12-29","2031-05-09","2026-07-30","2026-08-12","HER2 | Hormone receptor","CDK4-6 inhibitor | Endocrine or SERD"
"NCT07151586","Testing Two Different Drugs (Sacituzumab-govitecan and Trastuzumab-deruxtecan) Combinations Prescribed in an Alterning Pattern to Patients With Metastatic or Locally Advanced Triple-negative Breast Cancer","NOT_YET_RECRUITING","PHASE2","UNICANCER","OTHER","Sacituzumab Govitecan / Trastuzumab Deruxtecan","DRUG","2026-09","2029-10","2026-08-03","2026-08-12","HER2 | Hormone receptor","Antibody-drug conjugate | HER2-directed"
"NCT02603679","Neoadjuvant Response-guided Treatment of Luminal B-type Tumors and Luminal A-type Tumors With Node Metastases","ACTIVE_NOT_RECRUITING","PHASE2","Thomas Hatschek","OTHER","Paclitaxel | Tamoxifen + Palbociclib | Aromatase Inhibitor + Palbociclib | Goserelin + Aromatase Inhibitor + Palbociclib","DRUG","2015-02","2031-12-31","2021-08-03","2026-08-12","Genomic profiling | HER2 | Hormone receptor","CDK4-6 inhibitor | Endocrine or SERD"
"NCT00310180","Hormone Therapy With or Without Combination Chemotherapy in Treating Women Who Have Undergone Surgery for Node-Negative Breast Cancer (The TAILORx Trial)","ACTIVE_NOT_RECRUITING","PHASE3","National Cancer Institute (NCI)","NIH","Anastrozole | Exemestane | Laboratory Biomarker Analysis | Letrozole | Quality-of-Life Assessment | Radiation Therapy | Tamoxifen Citrate","DRUG | OTHER | RADIATION","2006-04-07","2030-09-30","2026-07-31","2026-08-12","HER2 | Hormone receptor","Endocrine or SERD"
"NCT05063786","Trastuzumab + Alpelisib +/- Fulvestrant vs Trastuzumab + CT in Patients With PIK3CA Mutated Previously Treated HER2+ Advanced BrEasT Cancer (ALPHABET)","ACTIVE_NOT_RECRUITING","PHASE3","Spanish Breast Cancer Research Group","OTHER","Trastuzumab | Alpelisib | Fulvestrant | Vinorelbine | Capecitabine | Eribulin","BIOLOGICAL | DRUG","2021-09-14","2026-06","2025-09-08","2026-08-12","HER2 | Hormone receptor | PIK3CA-AKT1-PTEN","Endocrine or SERD | HER2-directed | PI3K-AKT-mTOR inhibitor"
"NCT06125522","TACTIVE-U: A Study to Learn About the Study Medicine (Vepdegestrant) When Given With Other Medicines in People With Advanced or Metastatic Breast Cancer. (Sub-Study C)","ACTIVE_NOT_RECRUITING","PHASE1 | PHASE2","Pfizer","INDUSTRY","vepdegestrant | Samuraciclib","DRUG","2024-01-10","2026-12-31","2026-05-06","2026-08-12","HER2 | Hormone receptor","CDK4-6 inhibitor"
"NCT04556773","A Phase 1b Study of T-DXd Combinations in HER2-low Advanced or Metastatic Breast Cancer","ACTIVE_NOT_RECRUITING","PHASE1","AstraZeneca","INDUSTRY","Trastuzumab deruxtecan | Durvalumab | Paclitaxel | Capivasertib | Anastrozole | Fulvestrant | Capecitabine","DRUG","2020-12-17","2027-06-01","2026-08-03","2026-08-12","HER2","Antibody-drug conjugate | CDK4-6 inhibitor | Endocrine or SERD | HER2-directed | Immunotherapy | PI3K-AKT-mTOR inhibitor"
"NCT04301375","Omission of Surgery and Sentinel Lymph Node Dissection in Clinically Low-risk HER2positive Breast Cancer With High HER2 Addiction and a Complete Response Following Standard Anti- HER2-based Neoadjuvant Therapy (ELPIS Trial)","NOT_YET_RECRUITING","PHASE2","David Garcia Cinca","OTHER","Pertuzumab and trastuzumab FDC subcutaneous | Paclitaxel | TDM1 | Endocrine therapy | Omission surgery","DRUG | PROCEDURE","2020-06-15","2027-07-15","2020-03-10","2026-08-12","HER2 | Hormone receptor","HER2-directed"
"NCT05023967","Metformin and Nightly Fasting in Women With Early Breast Cancer","ACTIVE_NOT_RECRUITING","PHASE2","M.D. Anderson Cancer Center","OTHER","Biospecimen Collection | Extended Release Metformin Hydrochloride | Monitoring | Nutritional Assessment | Short-Term Fasting","PROCEDURE | DRUG | OTHER","2023-04-04","2026-12-16","2026-01-05","2026-08-12","HER2",
"NCT05362760","Combination of Abemaciclib and Endocrine Therapy in Hormone Receptor Positive HER2 Negative Locally Advanced or Metastatic Breast Cancer With Focus on Digital Side Effect Management","RECRUITING","PHASE4","Prof. Wolfgang Janni","OTHER","Abemaciclib + Aromatase Inhibitor | Abemaciclib + Fulvestrant","DRUG","2022-04-27","2029-04","2025-05-16","2026-08-12","HER2 | Hormone receptor","CDK4-6 inhibitor | Endocrine or SERD"
"NCT05796973","Measuring Oncological Value of Exercise and Statin","RECRUITING","PHASE3","Tampere University Hospital","OTHER","Guided physical exercise | Atorvastatin | Independent exercise","BEHAVIORAL | DRUG | OTHER","2023-03-31","2027-12-31","2025-06-27","2026-08-12","Hormone receptor",
"NCT03937154","Study of Romiplostim for Chemotherapy-induced Thrombocytopenia in Adult Subjects With Non-small Cell Lung Cancer (NSCLC), Ovarian Cancer, or Breast Cancer","ACTIVE_NOT_RECRUITING","PHASE3","Amgen","INDUSTRY","Romiplostim | Placebo","DRUG","2020-02-26","2027-02-23","2026-04-07","2026-08-12","HER2","Immunotherapy"
"NCT03875573","Neo-adjuvant Chemotherapy Combined With Stereotactic Body Radiotherapy to the Primary Tumour +/- Durvalumab, +/- Oleclumab in Luminal B Breast Cancer:","ACTIVE_NOT_RECRUITING","PHASE2","Jules Bordet Institute","OTHER","Durvalumab | Stereotactic Body Radiotherapy | Oleclumab","DRUG | RADIATION","2019-11-06","2029-09-30","2024-12-20","2026-08-12","Genomic profiling | HER2 | Hormone receptor | PD-L1 or immune","Immunotherapy"
"NCT05078047","Study Comparing the Standard Administration of IO Versus the Same IO Administered Each 3 Months in Patients in Response After 6 Months of Standard IO","ACTIVE_NOT_RECRUITING","PHASE3","UNICANCER","OTHER","Reduced dose intensity of IO","DRUG","2022-03-08","2029-05-07","2026-07-17","2026-08-12","PD-L1 or immune","Immunotherapy"
"NCT07193394","Tucatinib and Trastuzumab in HER3-mutant and HER2-not Amplified Metastatic Breast Cancer","RECRUITING","PHASE2","Institut Curie","OTHER","Tucatinib (ONT-380) | Trastuzumab (Herceptin)","DRUG","2026-01-31","2029-06-08","2026-02-23","2026-08-12","BRCA or HRD | HER2","Antibody-drug conjugate | HER2-directed | PARP inhibitor"
"NCT04300556","A Study to Evaluate the Safety, Tolerability, and Efficacy of MORAb-202 (Herein Referred to as Farletuzumab Ecteribulin), a Folate Receptor Alpha (FRα)-Targeting Antibody-drug Conjugate (ADC) in Participants With Selected Tumor Types","RECRUITING","PHASE1 | PHASE2","Eisai Inc.","INDUSTRY","Farletuzumab ecteribulin | Prednisone | Prednisolone | Dexamethasone | Lenvatinib","DRUG","2020-08-06","2030-08-08","2026-06-04","2026-08-12","HER2 | Hormone receptor","Antibody-drug conjugate | Immunotherapy | PARP inhibitor"
"NCT05238922","Study of INCB123667 in Subjects With Advanced Solid Tumors","ACTIVE_NOT_RECRUITING","PHASE1","Incyte Corporation","INDUSTRY","INCB0123667 | Palbociclib | Bevacizumab | Olaparib | Paclitaxel | Ribociclib | Fulvestrant","DRUG","2022-07-05","2027-08-31","2026-07-21","2026-08-12","HER2","CDK4-6 inhibitor | Endocrine or SERD | PARP inhibitor"
"NCT06298084","Dose-Expansion Modular Study To Explore the Safety, Tolerability, and Anti-tumor Activity of HER3- DXd Monotherapy and Combinations in Patients With Inoperable Advanced Breast Cancer (ABC) After Progression on T-DXd","RECRUITING","PHASE1 | PHASE2","Gustave Roussy, Cancer Campus, Grand Paris","OTHER","Patritumab deruxtecan | Olaparib","DRUG","2024-03-21","2029-06","2024-03-29","2026-08-12","BRCA or HRD | HER2 | Hormone receptor","Antibody-drug conjugate | CDK4-6 inhibitor | HER2-directed | Immunotherapy | PARP inhibitor"
"NCT06508216","A Study to Explore Safety, Tolerability, Pharmacokinetics, and Anti-tumor Activity of Novel Therapeutics in Patients With Early Relapsed Metastatic Triple-negative Breast Cancer","RECRUITING","PHASE1 | PHASE2","Gustave Roussy, Cancer Campus, Grand Paris","OTHER","Dato-DXd | Durvalumab","DRUG","2024-07-05","2027-12-17","2024-07-22","2026-08-12","BRCA or HRD | HER2 | Hormone receptor","Antibody-drug conjugate | Immunotherapy | PARP inhibitor"
"NCT06103864","A Phase III Study of Dato-DXd With or Without Durvalumab Compared With Investigator's Choice of Chemotherapy in Combination With Pembrolizumab in Patients With PD-L1 Positive Locally Recurrent Inoperable or Metastatic Triple-negative Breast Cancer (TROPION-Breast05)","RECRUITING","PHASE3","AstraZeneca","INDUSTRY","Dato-DXd | Durvalumab | Paclitaxel | Nab-paclitaxel | Gemcitabine | Carboplatin | Pembrolizumab","DRUG","2023-11-23","2030-09-30","2026-07-20","2026-08-12","PD-L1 or immune","Antibody-drug conjugate | Immunotherapy"
"NCT03315364","Oral Paclitaxel Trial In Recurrent and Metastatic Breast Cancer As 1st Line Therapy","ACTIVE_NOT_RECRUITING","PHASE2 | PHASE3","Daehwa Pharmaceutical Co., Ltd.","INDUSTRY","Oral paclitaxel | Paclitaxel injection","DRUG","2017-12-18","2028-11-30","2026-04-01","2026-08-12","HER2 | Hormone receptor",
"NCT07287098","A Study of Imlunestrant (LY3484356) in Premenopausal Women With Estrogen Receptor-Positive (ER+) Human Epidermal Growth Factor Receptor 2 Negative (HER2-) Early Breast Cancer","RECRUITING","PHASE2","Eli Lilly and Company","INDUSTRY","Imlunestrant | Goserelin | Tamoxifen 20 mg","DRUG","2026-05-13","2029-12","2026-08-06","2026-08-12","HER2 | Hormone receptor","Endocrine or SERD"
"NCT07046923","A Study of LY4175408 in Participants With Advanced Cancer","RECRUITING","PHASE1","Eli Lilly and Company","INDUSTRY","LY4175408 | Pembrolizumab | Carboplatin | Cisplatin","DRUG","2025-07-28","2030-07","2026-06-23","2026-08-12","HER2","Antibody-drug conjugate | Immunotherapy"
"NCT03820830","Palbociclib for HR Positive / HER2-negative Isolated Locoregional Recurrence of Breast Cancer","ACTIVE_NOT_RECRUITING","PHASE3","ETOP IBCSG Partners Foundation","NETWORK","Palbociclib 125mg | Standard endocrine therapy","DRUG","2019-08-27","2029-01-01","2026-04-09","2026-08-12","HER2 | Hormone receptor","CDK4-6 inhibitor | Endocrine or SERD"
"NCT07117214","A Phase I Study of [68Ga]Ga-DWJ155 in Patients With Breast and Lung Cancers","RECRUITING","PHASE1","Novartis Pharmaceuticals","INDUSTRY","[68Ga]Ga-DWJ155","DRUG","2026-06-26","2028-12-11","2026-07-07","2026-08-12","HER2 | Hormone receptor",
"NCT07281833","Phase III Study to Evaluate the Safety, Efficacy, and Impact on Quality of Life of Capivasertib Alongside Standard-of-care Endocrine Treatment in Patients With HR+/HER2- Advanced Breast Cancer and Progression on Prior Endocrine-based Treatment","RECRUITING","PHASE3","Women's Cancer Study Group GmbH","OTHER","Capivasertib","DRUG","2025-11-27","2030-03","2026-08-05","2026-08-12","Genomic profiling | HER2 | Hormone receptor | PIK3CA-AKT1-PTEN","Endocrine or SERD | Immunotherapy | PI3K-AKT-mTOR inhibitor"
"NCT07395336","Elacestrant and Exemestane for Patients With Pretreated HR+/HER2- Metastatic Breast Cancer and [18F] FES-avid Lesions (COMBINE)","RECRUITING","PHASE2","European Institute of Oncology","OTHER","elacestrant and exemestane","DRUG","2026-05-11","2028-12","2026-05-14","2026-08-12","ESR1 | HER2 | Hormone receptor","CDK4-6 inhibitor | Endocrine or SERD"
"NCT06966700","A Clinical Study of Sacituzumab Tirumotecan (Sac-TMT, MK-2870) in People With Breast Cancer (MK-2870-032)","RECRUITING","PHASE3","Merck Sharp & Dohme LLC","INDUSTRY","Sacituzumab tirumotecan | Pembrolizumab | Rescue Medication | Carboplatin | Paclitaxel | Doxorubicin | Epirubicin | Cyclophosphamide | Capecitabine | Olaparib","BIOLOGICAL | DRUG","2025-06-30","2034-12-29","2026-08-07","2026-08-12","HER2 | Hormone receptor | PD-L1 or immune","Antibody-drug conjugate | Immunotherapy | PARP inhibitor"
"NCT05982093","Elacestrant With/Without Triptorelin in Premenopausal Women With Luminal Breast Cancer","RECRUITING","PHASE2","SOLTI Breast Cancer Research Group","OTHER","Elacestrant | Triptorelin | Tamoxifen 20 mg","DRUG","2023-02-03","2026-12","2026-04-24","2026-08-12","HER2 | Hormone receptor","Endocrine or SERD"
"NCT04965766","Patritumab Deruxtecan (U3-1402) in Unresectable Locally Advanced or Metastatic Breast Cancer","RECRUITING","PHASE2","Gustave Roussy, Cancer Campus, Grand Paris","OTHER","U3-1402","DRUG","2021-05-11","2030-04-11","2025-12-23","2026-08-12","HER2 | Hormone receptor | PIK3CA-AKT1-PTEN","Antibody-drug conjugate | CDK4-6 inhibitor | Immunotherapy | PI3K-AKT-mTOR inhibitor"
"NCT05548127","TACTIVE-U: A Study to Learn About the Study Medicine (Vepdegestrant) When Given With Other Medicines in People With Advanced or Metastatic Breast Cancer (Sub-Study A)","ACTIVE_NOT_RECRUITING","PHASE1 | PHASE2","Pfizer","INDUSTRY","ARV-471 | Abemaciclib","DRUG","2023-02-23","2026-09-01","2026-02-10","2026-08-12","HER2 | Hormone receptor","CDK4-6 inhibitor"
"NCT06120283","BGB-43395 Alone or as Part of Combination Therapies in Participants With Breast Cancer and Other Advanced Solid Tumors","RECRUITING","PHASE1","BeOne Medicines","INDUSTRY","BGB-43395 | Fulvestrant | Letrozole | Elacestrant | Anti-Diarrheal Agent","DRUG","2023-12-01","2028-11","2026-08-06","2026-08-12","HER2 | Hormone receptor","CDK4-6 inhibitor | Endocrine or SERD"
"NCT06150898","Ketorolac and Pregabalin Effects on breaSt Cancer (KePreSt)","RECRUITING","PHASE2","Jules Bordet Institute","OTHER","Prospective data and sample collection | Ketorolac 10 Mg Oral Tablet | Pregabalin 75mg | Omeprazole 20mg Capsule","PROCEDURE | DRUG","2025-05-12","2027-10","2025-06-13","2026-08-12","Hormone receptor",
"NCT06257264","A Study to Examine the Safety of Different Doses of BG-68501 Given to Participants With Advanced-Stage Tumors","ACTIVE_NOT_RECRUITING","PHASE1","BeiGene","INDUSTRY","BG-68501 | Fulvestrant | BGB-43395","DRUG","2024-03-11","2026-08-31","2026-06-18","2026-08-12","HER2 | Hormone receptor","Antibody-drug conjugate | CDK4-6 inhibitor | Endocrine or SERD"
"NCT01805271","Safety Study of Adding Everolimus to Adjuvant Hormone Therapy in Women With High Risk of Relapse, ER+ and HER2- Primary Breast Cancer, Free of Disease After Receiving at Least One Year of Adjuvant Hormone Therapy","ACTIVE_NOT_RECRUITING","PHASE3","UNICANCER","OTHER","Everolimus | Placebo","DRUG","2013-03","2030-06","2026-07-31","2026-08-12","HER2 | Hormone receptor | PIK3CA-AKT1-PTEN","Endocrine or SERD | PI3K-AKT-mTOR inhibitor"
"NCT05465031","Sacubitril/Valsartan in PriMAry preventIoN of the Cardiotoxicity of Systematic breaST canceR trEAtMent (MAINSTREAM)","RECRUITING","PHASE4","Silesian Centre for Heart Diseases","OTHER","Sacubitril-valsartan | Placebo","DRUG","2024-04-17","2029-02","2025-03-14","2026-08-12","Genomic profiling | HER2 | Hormone receptor",
"NCT06966453","A Study of Disitamab Vedotin in Adults With HER2 Expressing Advanced Breast Cancer","RECRUITING","PHASE1 | PHASE2","Pfizer","INDUSTRY","Disitamab vedotin","DRUG","2025-06-30","2030-01-27","2026-04-21","2026-08-12","BRCA or HRD | HER2 | Hormone receptor | PD-L1 or immune","Antibody-drug conjugate | CDK4-6 inhibitor | HER2-directed | Immunotherapy"
"NCT06492616","A Study of Elacestrant Versus Standard Endocrine Therapy in Women and Men With ER+,HER2-, Early Breast Cancer With High Risk of Recurrence","RECRUITING","PHASE3","Stemline Therapeutics, Inc.","INDUSTRY","Elacestrant | Anastrozole | Letrozole | Exemestane | Tamoxifen","DRUG","2024-09-27","2032-10","2026-07-08","2026-08-12","HER2 | Hormone receptor","CDK4-6 inhibitor | Endocrine or SERD"
"NCT06686394","Study of Patritumab Deruxtecan With Other Anticancer Agents in Participants With HER2 Positive Breast Cancer That Has Spread and Cannot Be Surgically Removed (MK-1022-009)","RECRUITING","PHASE1 | PHASE2","Merck Sharp & Dohme LLC","INDUSTRY","Patritumab deruxtecan | Trastuzumab | Trastuzumab Biosimilar | Pertuzumab | Tucatinib","BIOLOGICAL","2025-02-26","2030-04-18","2026-05-22","2026-08-12","HER2","Antibody-drug conjugate | HER2-directed"
"NCT03425838","Endocrine Therapy Plus CDK4/6 in First or Second Line for Hormone (SONIA) Receptor Positive Advanced Breast Cancer","ACTIVE_NOT_RECRUITING","PHASE3","Borstkanker Onderzoek Groep","NETWORK","CDK 4/6 inhibitor | Non-Steroidal Aromatase Inhibitor | Fulvestrant","DRUG","2017-11-09","2028-12","2026-05-20","2026-08-12","Hormone receptor","CDK4-6 inhibitor | Endocrine or SERD"
"NCT04188548","A Study of LY3484356 in Participants With Advanced or Metastatic Breast Cancer or Endometrial Cancer","ACTIVE_NOT_RECRUITING","PHASE1","Eli Lilly and Company","INDUSTRY","LY3484356 | Abemaciclib | Everolimus | Alpelisib | Trastuzumab | Aromatase Inhibitor (AI) | Pertuzumab","DRUG","2019-12-10","2027-12","2026-06-22","2026-08-12","HER2","CDK4-6 inhibitor | Endocrine or SERD | HER2-directed | PI3K-AKT-mTOR inhibitor"
"NCT05132582","A Study of Tucatinib or Placebo With Trastuzumab and Pertuzumab for Metastatic HER2+ Breast Cancer","ACTIVE_NOT_RECRUITING","PHASE3","Seagen, a wholly owned subsidiary of Pfizer","INDUSTRY","Tucatinib | Trastuzumab | Pertuzumab | Combination product: Trastuzumab + Pertuzumab | Placebo","DRUG","2022-03-07","2027-09-28","2026-07-22","2026-08-12","HER2 | Hormone receptor","HER2-directed"
"NCT07661927","Skipping Hormone Therapy in Low-Risk Early Breast Cancer","RECRUITING","PHASE2","UNICANCER","OTHER","Removing Endocrine Therapy","DRUG","2026-07-06","2033-07-06","2026-07-17","2026-08-12","BRCA or HRD | HER2 | Hormone receptor",
"NCT06418126","Prediction of Radiotherapy Efficacy in Patients With Triple-negative Breast Cancer","ACTIVE_NOT_RECRUITING",,"Centre Paul Strauss","OTHER","blood sampling before radiotherapy | blood sampling after the fourth radiotherapy session | collection of acute toxicity (radiodermatitis) | collection of late toxicity | collection of disease status | Radiotherapy - Breast +/- lymph node areas | Radiotherapy - Boost operating bed","BIOLOGICAL | OTHER | RADIATION","2024-01-11","2030-08-19","2026-01-05","2026-08-12","Genomic profiling | HER2 | Hormone receptor",
"NCT03891953","Study of Safety and Efficacy of DKY709 Alone or in Combination With PDR001 in Patients With Advanced Solid Tumors.","ACTIVE_NOT_RECRUITING","PHASE1","Novartis Pharmaceuticals","INDUSTRY","DKY709 | PDR001","DRUG","2019-05-07","2026-10-31","2026-01-21","2026-08-12","PD-L1 or immune",
"NCT03515798","Study of Immunotherapy in Combination With Chemotherapy in HER2-negative Inflammatory Breast Cancer","ACTIVE_NOT_RECRUITING","PHASE2","Institut Paoli-Calmettes","OTHER","Pembrolizumab Injection | neoadjuvant EC-paclitaxel chemotherapy","DRUG","2018-08-29","2027-08-22","2025-09-12","2026-08-12","HER2 | Hormone receptor | PD-L1 or immune","Immunotherapy"
"NCT05498896","Investigate the Contribution of Ipatasertib to Neoadjuvant Chemotherapy Plus Atezolizumab in TNBC","ACTIVE_NOT_RECRUITING","PHASE2","Queen Mary University of London","OTHER","Atezolizumab | Ipatasertib | Paclitaxel | Doxorubicin | Cyclophosphamide","DRUG","2018-12-19","2026-08-31","2026-05-08","2026-08-12","PD-L1 or immune | PIK3CA-AKT1-PTEN","Immunotherapy"
"NCT06236269","HR+/HER2- Advanced or Metastatic Breast Cancer Patients Treated With Sacituzumab Govitecan","RECRUITING","PHASE2","SOLTI Breast Cancer Research Group","OTHER","Sacituzumab Govitecan","DRUG","2024-03-15","2027-02-20","2024-07-19","2026-08-12","HER2","Antibody-drug conjugate | CDK4-6 inhibitor | Immunotherapy | PARP inhibitor"
"NCT05307705","A Study of LOXO-783 in Patients With Breast Cancer/Other Solid Tumors","RECRUITING","PHASE1","Eli Lilly and Company","INDUSTRY","LOXO-783 | Fulvestrant | Imlunestrant | Abemaciclib | Anastrozole, Exemestane, or Letrozole | Paclitaxel","DRUG","2022-05-11","2026-12","2026-08-07","2026-08-12","HER2 | Hormone receptor | PIK3CA-AKT1-PTEN","CDK4-6 inhibitor | Endocrine or SERD"
"NCT07492641","BGB-43395 Plus Letrozole Versus CDK4/6i Plus Letrozole for Patients With Advanced or Metastatic HR+/HER2- Breast Cancer Who Have Not Received Prior Treatment for Advanced or Metastatic Disease","RECRUITING","PHASE3","BeOne Medicines","INDUSTRY","BGB-43395 | Letrozole | Abemaciclib | Palbociclib | Ribociclib","DRUG","2026-05-22","2037-08-07","2026-08-06","2026-08-12","HER2 | Hormone receptor","CDK4-6 inhibitor | Endocrine or SERD"
"NCT04042701","DS8201a and Pembrolizumab in Participants With Locally Advanced/Metastatic Breast or Non-Small Cell Lung Cancer","ACTIVE_NOT_RECRUITING","PHASE1","Daiichi Sankyo","INDUSTRY","Trastuzumab deruxtecan (DS-8201a) | Pembrolizumab","DRUG","2020-02-10","2027-03-31","2025-11-18","2026-08-12","HER2 | Hormone receptor | PD-L1 or immune","Antibody-drug conjugate | HER2-directed | Immunotherapy"
"NCT06625775","Open-Label Study of BBO-10203 in Subjects With Advanced Solid Tumors","RECRUITING","PHASE1","TheRas, Inc., d/b/a BBOT (BridgeBio Oncology Therapeutics)","INDUSTRY","BBO-10203 | Trastuzumab | Fulvestrant | Ribociclib | FOLFOX | Bevacizumab","DRUG","2024-10-29","2028-11","2026-06-23","2026-08-12","HER2 | Hormone receptor | PIK3CA-AKT1-PTEN","CDK4-6 inhibitor | Endocrine or SERD | HER2-directed"
"NCT06790693","A Study Evaluating the Efficacy and Safety of Inavolisib Plus CDK4/6 Inhibitor and Letrozole vs Placebo + CDK4/6i and Letrozole in Participants With Endocrine-Sensitive PIK3CA-Mutated, Hormone Receptor-Positive, HER2-Negative Advanced Breast Cancer","RECRUITING","PHASE3","Hoffmann-La Roche","INDUSTRY","Inavolisib | Placebo | CDK4/6i | Letrozole","DRUG","2025-04-09","2032-05-30","2026-08-05","2026-08-12","HER2 | Hormone receptor | PIK3CA-AKT1-PTEN","CDK4-6 inhibitor | Endocrine or SERD | PI3K-AKT-mTOR inhibitor"
"NCT07173751","ROSETTA Breast-01: The Effects and Safety of Pumitamig in Patients With Triple-Negative Breast Cancer","RECRUITING","PHASE3","BioNTech SE","INDUSTRY","Pumitamig | Nab-paclitaxel/Paclitaxel | Gemcitabine | Carboplatin | Eribulin | Matching placebo","DRUG","2025-10-30","2030-09","2026-08-03","2026-08-12","HER2 | Hormone receptor | PD-L1 or immune","Immunotherapy"
"NCT06206837","A Study to Learn About Vepdegestrant When Given With PF-07220060 to People With Advanced or Metastatic Breast Cancer.","ACTIVE_NOT_RECRUITING","PHASE1 | PHASE2","Pfizer","INDUSTRY","vepdegestrant | PF-07220060","DRUG","2024-02-19","2026-09-07","2026-02-27","2026-08-12","HER2 | Hormone receptor","Antibody-drug conjugate | CDK4-6 inhibitor | Endocrine or SERD"
"NCT02246621","A Study of Nonsteroidal Aromatase Inhibitors Plus Abemaciclib (LY2835219) in Postmenopausal Women With Breast Cancer","ACTIVE_NOT_RECRUITING","PHASE3","Eli Lilly and Company","INDUSTRY","Abemaciclib | Anastrozole | Letrozole | Placebo","DRUG","2014-11-06","2026-12","2026-02-03","2026-08-12","HER2 | Hormone receptor","CDK4-6 inhibitor | Endocrine or SERD | PI3K-AKT-mTOR inhibitor"
"NCT05982678","Basket Study for Oligo-metastatic Breast Cancer","RECRUITING","PHASE2","The Netherlands Cancer Institute","OTHER","Trastuzumab deruxtecan","DRUG","2024-05-02","2034-10-01","2025-11-26","2026-08-12","HER2","Antibody-drug conjugate | HER2-directed"
"NCT02338310","Trial of Perioperative Endocrine Therapy - Individualising Care","ACTIVE_NOT_RECRUITING","PHASE3","Institute of Cancer Research, United Kingdom","OTHER","Aromatase Inhibitors","DRUG","2008-09","2034-04","2020-02-17","2026-08-12","Genomic profiling | HER2 | Hormone receptor","Endocrine or SERD"
"NCT05346224","A Study to Evaluate the Efficacy and Safety of HLX11 vs. EU-Perjeta® in the Neoadjuvant Therapy of HER2-Positive and HR-Negative Early-stage or Locally Advanced Breast Cancer","ACTIVE_NOT_RECRUITING","PHASE3","Shanghai Henlius Biotech","INDUSTRY","HLX11 | EU-Perjeta®","DRUG","2022-04-25","2025-12-30","2025-06-10","2026-08-12","HER2 | Hormone receptor","HER2-directed"
"NCT07222267","An Investigational Study of BG-75202 Alone and in Combination With Other Therapeutic Agents in Adults With Advanced Solid Tumors","RECRUITING","PHASE1","BeOne Medicines","INDUSTRY","BG-75202 | CDK4 Inhibitor | Estrogen Receptor Antagonist | Aromatase Inhibitor","DRUG","2025-12-11","2037-01-13","2026-08-06","2026-08-12","Hormone receptor","Antibody-drug conjugate | CDK4-6 inhibitor | Endocrine or SERD"
"NCT04622319","A Study of Trastuzumab Deruxtecan (T-DXd) Versus Trastuzumab Emtansine (T-DM1) in High-risk HER2-positive Participants With Residual Invasive Breast Cancer Following Neoadjuvant Therapy (DESTINY-Breast05)","ACTIVE_NOT_RECRUITING","PHASE3","Daiichi Sankyo","INDUSTRY","DS-8201a | T-DM1","DRUG","2020-12-04","2028-06-20","2026-05-15","2026-08-12","HER2 | Hormone receptor","Antibody-drug conjugate | HER2-directed"
"NCT04802876","Efficacy of Tislelizumab and Spartalizumab Across Multiple Cancer-types in Patients with PD1-high MRNA Expressing Tumors","ACTIVE_NOT_RECRUITING","PHASE2","SOLTI Breast Cancer Research Group","OTHER","Spartalizumab | Tislelizumab","DRUG","2021-04-12","2027-03-31","2025-03-21","2026-08-12","HER2 | Hormone receptor | PD-L1 or immune",
"NCT03971045","Pembrolizumab and Oral Metronomic Cyclophosphamide in Patients With Chest Wall Breast Cancer","RECRUITING","PHASE2","European Institute of Oncology","OTHER","Pembrolizumab","DRUG","2020-05-20","2025-03-01","2024-11-19","2026-08-12","HER2 | Hormone receptor | PD-L1 or immune","Immunotherapy"
"NCT06188520","A First-in-human Dose Escalation and Expansion Study to Evaluate the Safety, and Tolerability of AZD8421 Alone or in Combination in Participants With Selected Advanced or Metastatic Solid Tumors","RECRUITING","PHASE1 | PHASE2","AstraZeneca","INDUSTRY","AZD8421 | Camizestrant | Ribociclib | Palbociclib | Abemaciclib","DRUG","2023-12-05","2027-08-04","2026-08-06","2026-08-12","HER2","CDK4-6 inhibitor | Endocrine or SERD"
"NCT04055493","Adj. Marker-adjusted Personalized Therapy Comparing ET+Ribociclib vs Chemotherapy in Intermediate Risk, HR+/HER2- EBC","ACTIVE_NOT_RECRUITING","PHASE3","Women's Cancer Study Group GmbH","OTHER","Ribociclib 200Mg Oral Tablet","DRUG","2019-07-02","2027-07-31","2026-05-11","2026-08-12","HER2","CDK4-6 inhibitor | Endocrine or SERD"
"NCT03006172","To Evaluate the Safety, Tolerability, and Pharmacokinetics of Inavolisib Single Agent in Participants With Solid Tumors and in Combination With Endocrine and Targeted Therapies in Participants With Breast Cancer","ACTIVE_NOT_RECRUITING","PHASE1","Genentech, Inc.","INDUSTRY","Inavolisib | Fulvestrant | Letrozole | Palbociclib | Metformin | Trastuzumab | Pertuzumab","DRUG","2016-12-13","2026-12-31","2026-06-10","2026-08-12","HER2 | PIK3CA-AKT1-PTEN","CDK4-6 inhibitor | Endocrine or SERD | HER2-directed | PI3K-AKT-mTOR inhibitor"
"NCT06638307","A First-in-Human Study of MEN2312 in Adults With Advanced Breast Cancer","RECRUITING","PHASE1","Stemline Therapeutics, Inc.","INDUSTRY","MEN2312 | Elacestrant","DRUG","2024-10-25","2029-10-23","2026-08-07","2026-08-12","PIK3CA-AKT1-PTEN","Endocrine or SERD"
"NCT06562192","Phase I Study of [177Lu]Lu-NNS309 in Patients With Pancreatic, Lung, Breast and Colorectal Cancers","RECRUITING","PHASE1","Novartis Pharmaceuticals","INDUSTRY","[68Ga]Ga-NNS309 | [177Lu]Lu-NNS309","DRUG","2024-10-15","2031-01-16","2026-07-29","2026-08-12","HER2 | PD-L1 or immune","Immunotherapy"
"NCT07100106","A Study to Evaluate the Effect of GDC-4198 Alone and in Combination With Giredestrant Versus Abemaciclib and Giredestrant in Participants With Locally Advanced or Metastatic Estrogen Receptor-Positive (ER+), Human Epidermal Growth Factor Receptor-Negative (HER2-) Breast Cancer","RECRUITING","PHASE1 | PHASE2","Genentech, Inc.","INDUSTRY","GDC-4198 | Giredestrant | Abemaciclib","DRUG","2025-10-07","2028-08-31","2026-08-10","2026-08-12","HER2 | Hormone receptor","CDK4-6 inhibitor | Endocrine or SERD"
"NCT06760637","Study of PF-07220060 With Letrozole in Adults With HR-positive HER2-negative Breast Cancer Who Have Not Received Anticancer Treatment for Advanced/Metastatic Disease","ACTIVE_NOT_RECRUITING","PHASE3","Pfizer","INDUSTRY","PF-07220060 | letrozole | abemaciclib | palbociclib | ribociclib","DRUG","2025-01-06","2037-12-29","2026-05-19","2026-08-12","HER2 | Hormone receptor","CDK4-6 inhibitor | Endocrine or SERD"
"NCT06643585","A Randomized Secondary Adjuvant Treatment Intervention Study Comparing Trastuzumab-Deruxtecan to SOC Therapy in eBC Patients With Molecular Relapse","RECRUITING","PHASE3","Prof. Wolfgang Janni","OTHER","Trastuzumab-Deruxtecan | Physicians Choice (PhC).","DRUG | OTHER","2025-04-22","2032-04-22","2025-05-02","2026-08-12","ctDNA or MRD | HER2 | Hormone receptor","Antibody-drug conjugate | CDK4-6 inhibitor | Endocrine or SERD | HER2-directed | Immunotherapy | PARP inhibitor"
"NCT07106632","Optimising Adjuvant Chemotherapy Prescription in Young Patients With Hormone-dependent Breast Cancer Using Genomic Tests","RECRUITING","PHASE3","UNICANCER","OTHER","test-directed treatment: allocated treatment will depend on the PAM50 score result (centrally assessed) : chemo-endocrine therapy or endocrine therapy alone | In the control arm, the treatment will be as standard of care : chemo-endocrine therapy","DRUG","2026-06-26","2038-08-15","2026-07-31","2026-08-12","HER2 | Hormone receptor","CDK4-6 inhibitor | PARP inhibitor"
"NCT06078384","Pembrolizumab and Chemotherapy Treatment or no Treatment Guided by the Level of TILs in Resected Early-stage TNBC","RECRUITING","PHASE2","UNICANCER","OTHER","Pembrolizumab 25 mg/ml | Paclitaxel injection","DRUG","2024-12-27","2032-01-01","2026-07-24","2026-08-12","HER2 | PD-L1 or immune","Immunotherapy"
"NCT04565054","Adjuvant Therapy With Abemaciclib + SOC ET vs. SOC ET in Clinical or Genomic High Risk, HR+/HER2- EBC","ACTIVE_NOT_RECRUITING","PHASE3","Women's Cancer Study Group GmbH","OTHER","Abemaciclib 50 MG; 150mg 1-0-1 per os","DRUG","2020-09-02","2029-07","2025-11-19","2026-08-12","HER2","CDK4-6 inhibitor | Endocrine or SERD"
"NCT04759248","Study With Atezolizumab in Combination With Trastuzumab and Vinorelbine in HER2-positive Advanced/Metastatic Breast Cancer","ACTIVE_NOT_RECRUITING","PHASE2","SOLTI Breast Cancer Research Group","OTHER","Atezolizumab + Trastuzumab + Vinorelbine","DRUG","2021-03-15","2027-07-01","2025-09-09","2026-08-12","HER2 | PD-L1 or immune","HER2-directed | Immunotherapy"
"NCT06016738","OP-1250 (Palazestrant) vs. Standard of Care for the Treatment of ER+/HER2- Advanced Breast Cancer","RECRUITING","PHASE3","Olema Pharmaceuticals, Inc.","INDUSTRY","Palazestrant | Fulvestrant | Anastrozole | Letrozole | Exemestane","DRUG","2023-11-16","2027-09-30","2026-03-13","2026-08-12","HER2 | Hormone receptor","CDK4-6 inhibitor | Endocrine or SERD"
"NCT06328738","ELVN-002 With Trastuzumab +/- Chemotherapy in HER2+ Solid Tumors, Colorectal and Breast Cancer","ACTIVE_NOT_RECRUITING","PHASE1","Enliven Therapeutics","INDUSTRY","ELVN-002 | Trastuzumab | 5-Fluorouracil | Oxaliplatin | Capecitabine | Eribulin | paclitaxel | Leucovorin","DRUG","2024-05-30","2028-07","2025-11-19","2026-08-12","ctDNA or MRD | Genomic profiling | HER2 | PD-L1 or immune","Antibody-drug conjugate | HER2-directed | Immunotherapy"
"NCT06472583","Preoperative Immunotherapy Combined With Stereotactic Radiation Therapy Boost in the Treatment of HER2-negative Breast Cancer","RECRUITING","PHASE2","Maria Sklodowska-Curie National Research Institute of Oncology","OTHER","Keytruda | Preoperative radiation therapy | Placebo","DRUG | RADIATION","2024-04-11","2028-02-28","2024-06-25","2026-08-12","HER2 | Hormone receptor | PD-L1 or immune","Immunotherapy"
"NCT04053322","Durvalumab, With Olaparib and Fulvestrant in Advanced ER+, HER2- Breast Cancer Patients.","ACTIVE_NOT_RECRUITING","PHASE2","UNICANCER","OTHER","Durvalumab | Olaparib | Fulvestrant","DRUG","2019-08-26","2027-08","2026-07-24","2026-08-12","BRCA or HRD | Genomic profiling | HER2 | Hormone receptor | PD-L1 or immune","CDK4-6 inhibitor | Endocrine or SERD | Immunotherapy | PARP inhibitor | PI3K-AKT-mTOR inhibitor"
"NCT05999396","FIH, Bispecific CD276xCD3 Antibody CC-3 in Patients With Colorectal Cancer","RECRUITING","PHASE1","German Cancer Research Center","OTHER","Administration of CC-3","DRUG","2024-01-12","2027-03-31","2025-05-21","2026-08-12","Genomic profiling","Immunotherapy"
"NCT04389632","A Study of Sigvotatug Vedotin in Advanced Solid Tumors","RECRUITING","PHASE1","Seagen, a wholly owned subsidiary of Pfizer","INDUSTRY","sigvotatug vedotin | pembrolizumab | cisplatin | carboplatin","DRUG","2020-06-08","2029-03-22","2026-07-06","2026-08-12","HER2","Immunotherapy"
"NCT05498155","Study of Neoadjuvant Olaparib Monotherapy and Olaparib and Durvalumab Combination in HER2 Negative BRCAm Breast Cancer","ACTIVE_NOT_RECRUITING","PHASE2","AstraZeneca","INDUSTRY","Neoadjuvant Olaparib monotherapy group | Neoadjuvant combination therapy with olaparib plus durvalumab","DRUG | COMBINATION_PRODUCT","2022-11-07","2026-12-31","2026-07-07","2026-08-12","BRCA or HRD | HER2 | PD-L1 or immune","Immunotherapy | PARP inhibitor"
"NCT04482309","A Phase 2 Study of T-DXd in Patients With Selected HER2 Expressing Tumors","ACTIVE_NOT_RECRUITING","PHASE2","AstraZeneca","INDUSTRY","Trastuzumab deruxtecan","DRUG","2020-08-18","2027-03-23","2026-07-10","2026-08-12","HER2","Antibody-drug conjugate | HER2-directed"
"NCT05654623","A Study to Learn About a New Medicine Called Vepdegestrant (ARV-471, PF-07850327) in People Who Have Advanced Metastatic Breast Cancer","ACTIVE_NOT_RECRUITING","PHASE3","Pfizer","INDUSTRY","ARV-471 | Fulvestrant","DRUG","2023-03-03","2028-05-15","2026-03-18","2026-08-12","HER2 | PIK3CA-AKT1-PTEN","CDK4-6 inhibitor | Endocrine or SERD | PARP inhibitor"
"NCT05650879","ELVN-002 in HER2 Mutant Non-Small Cell Lung Cancer","ACTIVE_NOT_RECRUITING","PHASE1","Enliven Therapeutics","INDUSTRY","ELVN-002 | Fam-Trastuzumab Deruxtecan-Nxki | Trastuzumab emtansine","DRUG","2023-03-20","2026-07","2025-07-15","2026-08-12","ctDNA or MRD | HER2","Antibody-drug conjugate | HER2-directed | Immunotherapy"
"NCT04862663","Capivasertib + CDK4/6i + Fulvestrant for Advanced/Metastatic HR+/HER2- Breast Cancer (CAPItello-292)","RECRUITING","PHASE3","AstraZeneca","INDUSTRY","Capivasertib | Fulvestrant | Palbociclib | Ribociclib | Abemaciclib","DRUG","2021-05-10","2029-08-14","2026-06-29","2026-08-12","ctDNA or MRD | HER2 | Hormone receptor | PIK3CA-AKT1-PTEN","CDK4-6 inhibitor | Endocrine or SERD | PI3K-AKT-mTOR inhibitor"
"NCT06081244","NeoAdj. Therapy Comparing Sacituzumab Govitecan (SG) vs. SG+Pembrolizumab in Low-risk, Triple-neg. EBC (ADAPT-TN-III)","RECRUITING","PHASE3","Women's Cancer Study Group GmbH","OTHER","Sacituzumab govitecan | Pembrolizumab","DRUG","2024-10-10","2029-09","2026-08-03","2026-08-12","HER2","Antibody-drug conjugate | Immunotherapy"
"NCT04666961","Impact of Neoadjuvant Hormonal Therapy on the Surgical Management of Extensive Ductal Carcinomas in Situ","RECRUITING","PHASE2","Institut Cancerologie de l'Ouest","OTHER","Tamoxifen 20 mg | Anastrozole 1Mg Tab","DRUG","2021-02-03","2033-08-01","2022-04-22","2026-08-12","BRCA or HRD | Hormone receptor","Endocrine or SERD"
"NCT04739761","A Study of T-DXd in Participants With or Without Brain Metastasis Who Have Previously Treated Advanced or Metastatic HER2 Positive Breast Cancer","ACTIVE_NOT_RECRUITING","PHASE3","AstraZeneca","INDUSTRY","Trastuzumab Deruxtecan","DRUG","2021-06-22","2027-05-26","2026-08-11","2026-08-12","HER2","Antibody-drug conjugate | HER2-directed | Immunotherapy"
"NCT04335669","NordicTrip, a Translational Study of Preoperative Chemotherapy in TNBC","ACTIVE_NOT_RECRUITING","PHASE3","Lund University Hospital","OTHER","epirubicin, cyclophosphamide, paclitaxel, carboplatin, pembrolizumab | epirubicin, cyclophosphamide, capecitabine, paclitaxel, carboplatin, pembrolizumab","DRUG","2019-12-20","2035-09","2025-09-12","2026-08-12","BRCA or HRD | Genomic profiling | HER2","Immunotherapy"
"NCT06172478","A Study of HER3-DXd in Subjects With Locally Advanced or Metastatic Solid Tumors","RECRUITING","PHASE2","Daiichi Sankyo","INDUSTRY","HER3-DXd","DRUG","2024-02-26","2028-10-10","2026-08-10","2026-08-12","Genomic profiling | HER2 | Hormone receptor | PD-L1 or immune | PIK3CA-AKT1-PTEN","Antibody-drug conjugate | CDK4-6 inhibitor | HER2-directed | Immunotherapy"
"NCT07178730","NeoAdjuvant Therapy Comparing Sacituzumab Govitecan+Pembrolizumab vs. SoC Chemotherapy in Clinical Stage II-III, Triple-negative Early Breast Cancer","NOT_YET_RECRUITING","PHASE3","Women's Cancer Study Group GmbH","OTHER","Sacituzumab govitecan | Pembrolizumab 25 mg/1 ML Intravenous Solution [KEYTRUDA] | SoC Chemotherapy","DRUG","2026-08-30","2033-03-31","2026-08-05","2026-08-12","HER2","Antibody-drug conjugate | Immunotherapy"
"NCT07405801","A Phase II Study Evaluating the Efficacy and Safety of Inavolisib Plus Ribociclib Plus Fulvestrant Versus Placebo Plus Ribociclib Plus Fulvestrant in Participants With Advanced Breast Cancer","RECRUITING","PHASE2","Hoffmann-La Roche","INDUSTRY","Inavolisib | Ribociclib | Fulvestrant | Placebo","DRUG","2026-04-07","2030-02-26","2026-08-11","2026-08-12","HER2 | Hormone receptor | PIK3CA-AKT1-PTEN","CDK4-6 inhibitor | Endocrine or SERD | PI3K-AKT-mTOR inhibitor"
"NCT05169567","Abemaciclib (LY2835219) Plus Fulvestrant Compared to Placebo Plus Fulvestrant in Previously Treated Breast Cancer","ACTIVE_NOT_RECRUITING","PHASE3","Eli Lilly and Company","INDUSTRY","Abemaciclib | Fulvestrant | Placebo","DRUG","2022-03-11","2027-12","2026-01-16","2026-08-12","HER2 | Hormone receptor | PIK3CA-AKT1-PTEN","CDK4-6 inhibitor | Endocrine or SERD"
"NCT05208762","A Study of PF-08046054/SGN-PDL1V in Advanced Solid Tumors","RECRUITING","PHASE1","Seagen, a wholly owned subsidiary of Pfizer","INDUSTRY","PF-08046054 | pembrolizumab","DRUG","2022-10-25","2029-01-04","2026-07-22","2026-08-12","PD-L1 or immune","Immunotherapy"
"NCT02568839","Neoadjuvant Response-guided Treatment of HER2 Positive Breast Cancer","ACTIVE_NOT_RECRUITING","PHASE2 | PHASE3","Thomas Hatschek","OTHER","docetaxel + trastuzumab sc + pertuzumab | trastuzumab emtansin","DRUG","2014-11","2029-02","2020-08-13","2026-08-12","HER2","HER2-directed"
"NCT05386108","Study of Abemaciclib and Elacestrant in Participants With Brain Metastasis Due to ER+/HER-2- Breast Cancer","RECRUITING","PHASE1 | PHASE2","Stemline Therapeutics, Inc.","INDUSTRY","Elacestrant | Abemaciclib","DRUG","2022-08-31","2026-12","2026-08-06","2026-08-12","HER2 | Hormone receptor","Antibody-drug conjugate | CDK4-6 inhibitor | Endocrine or SERD"
"NCT03170960","Study of Cabozantinib Alone or in Combination With Atezolizumab to Subjects With Locally Advanced or Metastatic Solid Tumors","ACTIVE_NOT_RECRUITING","PHASE1","Exelixis","INDUSTRY","cabozantinib | atezolizumab","DRUG","2017-09-05","2027-09-30","2025-08-17","2026-08-12","PD-L1 or immune","Immunotherapy"
"NCT05704829","NeoAdjuvant Therapy With Trastuzumab-deruxtecan Versus Chemotherapy+Trastuzumab+Pertuzumab in HER2+ Early Breast Cancer","RECRUITING","PHASE2","Women's Cancer Study Group GmbH","OTHER","Trastuzumab deruxtecan | Standard-of-Care","DRUG","2024-02-05","2030-09","2026-06-09","2026-08-12","HER2","Antibody-drug conjugate | Endocrine or SERD | HER2-directed"
"NCT04293393","Neoadjuvant Study Chemotherapy vs Letrozole + Abemaciclib in HR+/HER2- High/Intermediate Risk Breast Cancer Patients","ACTIVE_NOT_RECRUITING","PHASE2","Spanish Breast Cancer Research Group","OTHER","Doxorubicin | Cyclophosphamide | Taxane | Letrozole | Abemaciclib | LHRH Analogue","DRUG","2020-10-02","2033-02-28","2026-03-12","2026-08-12","HER2 | Hormone receptor","CDK4-6 inhibitor | Endocrine or SERD"
"NCT02918084","CONcurrent vs SEqueNTial Adjuvant Treatments in Early Breast Cancer","ACTIVE_NOT_RECRUITING","PHASE3","IRCCS Azienda Ospedaliera Universitaria San Martino - IST Istituto Nazionale per la Ricerca sul Cancro, Genoa, Italy","OTHER","Anastrozole or Letrozole or Exemestane","DRUG","2013-06","2028-06","2026-05-06","2026-08-12","HER2 | Hormone receptor","Endocrine or SERD | HER2-directed"
"NCT05297617","Deescalation of Endocrine Therapy Duration in Women With HR+ HER2- Breast Cancer at Very Low Risk","RECRUITING","PHASE2","UNICANCER","OTHER","Anti-aromatase inhibitor","DRUG","2022-10-12","2035-11","2026-07-21","2026-08-12","HER2 | Hormone receptor","Endocrine or SERD"
"NCT07368998","To Study the Effect of Inavolisib in Combination With Fulvestrant in Participants With Breast Cancer","RECRUITING","PHASE2","Hoffmann-La Roche","INDUSTRY","Inavolisib | Fulvestrant","DRUG","2026-02-18","2031-10-31","2026-08-06","2026-08-12","HER2 | Hormone receptor | PIK3CA-AKT1-PTEN","CDK4-6 inhibitor | Endocrine or SERD | PI3K-AKT-mTOR inhibitor"
"NCT04191499","A Study Evaluating the Efficacy and Safety of Inavolisib + Palbociclib + Fulvestrant vs Placebo + Palbociclib + Fulvestrant in Participants With PIK3CA-Mutant, Hormone Receptor-Positive, HER2-Negative, Locally Advanced or Metastatic Breast Cancer","ACTIVE_NOT_RECRUITING","PHASE2 | PHASE3","Hoffmann-La Roche","INDUSTRY","Inavolisib | Placebo | Palbociclib | Fulvestrant","DRUG","2020-01-29","2027-11-15","2026-06-15","2026-08-12","HER2 | Hormone receptor | PIK3CA-AKT1-PTEN","CDK4-6 inhibitor | Endocrine or SERD | PI3K-AKT-mTOR inhibitor"
"NCT06369285","A Study of Alisertib in Combination With Endocrine Therapy in Patients With HR-positive, HER2-negative Recurrent or Metastatic Breast Cancer","RECRUITING","PHASE2","Puma Biotechnology, Inc.","INDUSTRY","Alisertib | Endocrine therapy","DRUG","2024-11-19","2029-06-30","2026-07-27","2026-08-12","HER2 | Hormone receptor","Antibody-drug conjugate | CDK4-6 inhibitor"
"NCT07081555","A First-in-Human Phase 1 Safety and Biodistribution of [177Lu]Lu-ABY-271 in Subjects With HER2-positive Metastatic Breast Cancer","RECRUITING","PHASE1","Affibody","INDUSTRY","[177Lu]Lu-ABY-271","DRUG","2025-10-06","2028-06-01","2025-10-01","2026-08-12","HER2",
"NCT07242352","Marker - Adjusted Therapy Comparing Adjuvant Elacestrant With Standard Endocrine Treatment in Genomically and/or Clinically High-risk ER+/HER2- eBC","RECRUITING","PHASE3","Women's Cancer Study Group GmbH","OTHER","Elacestrant | Standard-of-care endocrine treatment","DRUG","2026-04-29","2033-09-30","2026-08-07","2026-08-12","ESR1 | HER2","CDK4-6 inhibitor | Endocrine or SERD"
"NCT06797635","Study of Patritumab Deruxtecan Plus Pembrolizumab With Other Anticancer Agents in Participants With High-Risk Early-Stage Triple-Negative or Hormone Receptor-Low Positive/HER-2 Negative Breast Cancer (MK-1022-010, HERTHENA-Breast-03)","RECRUITING","PHASE2","Merck Sharp & Dohme LLC","INDUSTRY","Patritumab deruxtecan | Pembrolizumab | Paclitaxel | Carboplatin | Doxorubicin hydrochloride | Epirubicin hydrochloride | Cyclophosphamide | Capecitabine | Olaparib","BIOLOGICAL | DRUG","2025-03-20","2034-12-31","2026-05-20","2026-08-12","HER2 | Hormone receptor | PD-L1 or immune","Antibody-drug conjugate | HER2-directed | Immunotherapy | PARP inhibitor"
"NCT06324357","Beamion BCGC-1: A Study to Find a Suitable Dose of Zongertinib Used Alone and in Combination With Other Treatments to Test Whether it Helps People With Different Types of HER2+ Cancer That Has Spread","RECRUITING","PHASE1 | PHASE2","Boehringer Ingelheim","INDUSTRY","Zongertinib | Trastuzumab deruxtecan | Trastuzumab emtansine | Trastuzumab | Capecitabine | mFOLFOX6 | zanidatamab","DRUG","2024-06-28","2029-01-08","2026-08-06","2026-08-12","HER2","Antibody-drug conjugate | HER2-directed"
"NCT04985266","A Trial of Early Detection of Molecular Relapse With Circulating Tumour DNA Tracking and Treatment With Palbociclib Plus Fulvestrant Versus Standard Endocrine Therapy in Patients With ER Positive HER2 Negative Breast Cancer","RECRUITING","PHASE2","Royal Marsden NHS Foundation Trust","OTHER","Palbociclib 125Mg Tab | Fulvestrant injection | Tamoxifen | Letrozole | Exemestane | Anastrozole","DRUG","2022-03-30","2030-09-01","2024-12-05","2026-08-12","ctDNA or MRD | HER2","CDK4-6 inhibitor | Endocrine or SERD"
"NCT03870919","Locoregional Treatment and Palbociclib in de Novo, Treatment Naive, Stage IV ER+, HER2- Breast Cancer Patients","ACTIVE_NOT_RECRUITING",,"UNICANCER","OTHER","Palbociclib | locoregional treatment","DRUG | OTHER","2019-10-23","2027-10-23","2026-05-20","2026-08-12","HER2 | Hormone receptor","CDK4-6 inhibitor | Endocrine or SERD"
"NCT05982496","18F FES-PET/MRI for Tailoring Treatment of Luminal A and Lobular Breast Cancer","RECRUITING","PHASE2","Università Vita-Salute San Raffaele","OTHER","FES | PET/MRI A | Translational analysis","DRUG | PROCEDURE | GENETIC","2026-06-09","2029-12-01","2026-06-12","2026-08-12","HER2 | Hormone receptor",
"NCT03975647","A Study of Tucatinib vs. Placebo in Combination With Ado-trastuzumab Emtansine (T-DM1) for Patients With Advanced or Metastatic HER2+ Breast Cancer","ACTIVE_NOT_RECRUITING","PHASE3","Seagen, a wholly owned subsidiary of Pfizer","INDUSTRY","tucatinib | placebo | T-DM1","DRUG","2019-10-02","2029-03-10","2026-07-23","2026-08-12","HER2","Antibody-drug conjugate | HER2-directed"
"NCT07102381","A Phase 2 Neoadjuvant Study of Zanidatamab in Combination With Chemotherapy in Participants With HER2-positive Breast Cancer","RECRUITING","PHASE2","Jazz Pharmaceuticals","INDUSTRY","Zanidatamab | Paclitaxel | Docetaxel | Carboplatin | Trastuzumab | Pertuzumab","DRUG","2025-09-24","2030-08-01","2026-07-15","2026-08-12","HER2 | Hormone receptor","HER2-directed"
"NCT05774951","A Study of Camizestrant in ER+/HER2- Early Breast Cancer After at Least 2 Years of Standard Adjuvant Endocrine Therapy","RECRUITING","PHASE3","AstraZeneca","INDUSTRY","Camizestrant | Tamoxifen | Anastrozole | Letrozole | Exemestane","DRUG","2023-03-31","2036-05-29","2026-07-20","2026-08-12","HER2","CDK4-6 inhibitor | Endocrine or SERD"
"NCT05852691","A Study of Tobemstomig + Nab-Paclitaxel Compared With Pembrolizumab + Nab-Paclitaxel in Participants With Previously Untreated, PD-L1-Positive, Locally-Advanced Unresectable or Metastatic Triple-Negative Breast Cancer","ACTIVE_NOT_RECRUITING","PHASE2","Hoffmann-La Roche","INDUSTRY","Tobemstomig | Pembrolizumab | Nab-Paclitaxel","DRUG","2023-07-18","2026-10-31","2026-06-11","2026-08-12","HER2 | PD-L1 or immune","Immunotherapy"
"NCT06926868","A Study of Izalontamab Brengitecan Versus Chemotherapy in Participants With Previously Untreated, Locally Advanced, Recurrent Inoperable, or Metastatic Triple-negative Breast Cancer Ineligible for Anti-PD(L)1 Drugs (IZABRIGHT-Breast01)","RECRUITING","PHASE2 | PHASE3","Bristol-Myers Squibb","INDUSTRY","Iza-bren | Nab-paclitaxel | Paclitaxel | Capecitabine | Carboplatin | Gemcitabine","DRUG","2025-09-11","2030-05-15","2026-08-10","2026-08-12","BRCA or HRD | HER2 | Hormone receptor | PD-L1 or immune","Antibody-drug conjugate | Immunotherapy"
"NCT06175390","Tiragolumab, Atezolizumab and Chemotherapy in Triple Negative Breast Cancer","ACTIVE_NOT_RECRUITING","PHASE2","Institut Curie","OTHER","68Ga-FAPI-46 PET/CT | Tumor samples analysis | Blood samples analysis: Circulating Tumor DNA","RADIATION | BIOLOGICAL","2024-03-27","2029-02-15","2026-02-06","2026-08-12","BRCA or HRD | ctDNA or MRD | HER2 | Hormone receptor | PD-L1 or immune","Immunotherapy | PARP inhibitor"
"NCT06201234","Evaluating the Addition of Elacestrant (Oral SERD) to Olaparib (PARP-inhibitor) in Patients With Advanced/Metastatic HR+/HER2- Breast Cancer","RECRUITING","PHASE2","GBG Forschungs GmbH","OTHER","Olaparib + Elacestrant | Olaparib","DRUG","2024-12-13","2028-12-31","2025-12-01","2026-08-12","BRCA or HRD | HER2 | Hormone receptor","Endocrine or SERD | PARP inhibitor"
"NCT03944434","FACILE: FeAsibility of First-line RiboCIclib in OLdEr Patients with Advanced Breast Cancer","ACTIVE_NOT_RECRUITING","PHASE2","Fondazione Sandro Pitigliani","OTHER","Ribociclib | Aromatase Inhibitors, non steroideal | LHRH agonist","DRUG","2018-12-27","2025-11-27","2025-02-26","2026-08-12","HER2 | Hormone receptor","CDK4-6 inhibitor | Endocrine or SERD"
"NCT04133077","Xenografts Development From Surgical Tumor Samples of Patients With Triple Negative or Luminal B Breast Cancer","RECRUITING",,"Centre Jean Perrin","OTHER","blood samples collection","BIOLOGICAL","2021-11-19","2030-08-31","2026-03-19","2026-08-12","Genomic profiling",
"NCT05866432","Phase II Study of Dato-DXd in Triple-negative Breast Cancer Patients With Newly Diagnosed or Progressing Brain Metastases","RECRUITING","PHASE2","Medical University of Vienna","OTHER","Datopotamab deruxtecan","DRUG","2023-07-01","2026-05-23","2025-09-25","2026-08-12","Genomic profiling | PD-L1 or immune","Antibody-drug conjugate | Immunotherapy"
"NCT05596409","ELACESTRANT in Women and Men With CDK4/6 Inhibitor-Naive Estrogen Receptor Positive, HER-2 Negative Metastatic Breast Cancer Study","ACTIVE_NOT_RECRUITING","PHASE2","Stemline Therapeutics, Inc.","INDUSTRY","Elacestrant","DRUG","2023-05-19","2027-11","2026-05-07","2026-08-12","HER2 | Hormone receptor","CDK4-6 inhibitor | Endocrine or SERD"
"NCT05587296","A Study to Learn More About How Well Elinzanetant Works and How Safe it is Compared to Placebo for the Treatment of Hot Flashes Caused by Anti-cancer Therapy in Women With, or at High Risk for Developing Hormone-receptor Positive Breast Cancer","ACTIVE_NOT_RECRUITING","PHASE3","Bayer","INDUSTRY","Elinzanetant (BAY3427080) | Placebo","DRUG","2022-10-14","2028-06-05","2026-07-09","2026-08-12","Genomic profiling | Hormone receptor","Endocrine or SERD | Immunotherapy"
"NCT06259929","NEOadjuvant Abemaciclib and GIredestrant TriaL in Patients with ER-positive, HER2-negative Early Breast Cancer","RECRUITING","PHASE2","Fondazione Oncotech","OTHER","Abemaciclib 150 MG + Giredestrant 30 MG","DRUG","2025-01-27","2027-04-01","2025-02-18","2026-08-12","HER2 | Hormone receptor","CDK4-6 inhibitor | Endocrine or SERD"
"NCT06727357","Next Generation Sequencing-based ""Oncochip"" for Therapeutic Decision in Metastatic Breast Cancer. Study SHARP","ACTIVE_NOT_RECRUITING","PHASE2","European Institute of Oncology","OTHER","Chemotherapy","DRUG","2019-09-26","2025-03","2024-12-10","2026-08-12","Genomic profiling",
"NCT04954599","Phase 1/2 Clinical Trial of CP-506 (HAP) in Monotherapy or With Carboplatin or ICI","RECRUITING","PHASE1 | PHASE2","Maastricht University Medical Center","OTHER","CP-506 | Carboplatin | Immune checkpoint inhibitor","DRUG","2023-05-30","2027-05","2025-10-07","2026-08-12","BRCA or HRD | Genomic profiling","Immunotherapy"
"NCT05955170","Tucatinib in Combination With Oral Etoposide andTrastuzumab in Patients With Metastatic HER2+ Breast Cancer","RECRUITING","PHASE2","Institut Curie","OTHER","Tucatinib in Combination of Oral VP16 and trastuzumab","DRUG","2023-12-19","2028-12-19","2025-03-27","2026-08-12","HER2","HER2-directed"
"NCT04158362","Endocrine Therapy With Abemaciclib or Chemotherapy as Initial Metastatic Treatment in ER+/HER2- Breast Cancer","ACTIVE_NOT_RECRUITING","PHASE3","UNICANCER","OTHER","Paclitaxel injection | Capecitabine tablets | Letrozole 2.5mg | Anastrozole 1mg | Fulvestrant Prefilled Syringe | Abemaciclib","DRUG","2020-06-11","2032-06","2026-07-22","2026-08-12","HER2 | Hormone receptor","CDK4-6 inhibitor | Endocrine or SERD"
"NCT06827236","A Clinical Study to Find the Optimal Dose of an Investigational Treatment Called BNT323 When Used in Combination With Another Investigational Treatment, BNT327, and to Test if That Combination Treatment is Safe and Beneficial for Patients With Advanced Breast Cancer","RECRUITING","PHASE1 | PHASE2","BioNTech SE","INDUSTRY","BNT323 | BNT327","DRUG","2025-04-23","2029-08","2026-07-21","2026-08-12","HER2 | Hormone receptor | PD-L1 or immune","Antibody-drug conjugate | HER2-directed | Immunotherapy"
"NCT07114601","A Study of LY4257496 in Participants With Cancer (OMNIRAY)","RECRUITING","PHASE1","Eli Lilly and Company","INDUSTRY","LY4257496 | Standard of Care Anticancer Therapies | LY4257529","DRUG | DIAGNOSTIC_TEST","2025-08-06","2035-04","2026-08-06","2026-08-12","HER2 | Hormone receptor",
"NCT05569811","NeoadjuVAnt muLti-agENT Chemotherapy or Patritumab Deruxtecan With or Without endocrINE Therapy for High-risk HR+/HER2- Breast Cancer - VALENTINE Trial","ACTIVE_NOT_RECRUITING","PHASE2","SOLTI Breast Cancer Research Group","OTHER","Patritumab deruxtecan | Chemotherapy | Letrozole","DRUG","2022-11-25","2030-07-31","2023-09-21","2026-08-12","HER2 | Hormone receptor","Antibody-drug conjugate | Endocrine or SERD"
"NCT06358573","Intratumoral INT230-6 Followed by Neoadjuvant Immuno-chemotherapy in Patients With Early TNBC. INVINCIBLE-4-SAKK","RECRUITING","PHASE2","Swiss Cancer Institute","OTHER","INT230-6 | neoadjuvant immuno-chemotherapy","DRUG | OTHER","2024-10-24","2031-12","2026-04-02","2026-08-12","PD-L1 or immune",
"NCT03332797","A Study of GDC-9545 Alone or in Combination With Palbociclib and/or Luteinizing Hormone-Releasing Hormone (LHRH) Agonist in Locally Advanced or Metastatic Estrogen Receptor-Positive Breast Cancer","ACTIVE_NOT_RECRUITING","PHASE1","Genentech, Inc.","INDUSTRY","GDC-9545 | Palbociclib | LHRH Agonist","DRUG","2017-11-24","2027-07-31","2026-05-15","2026-08-12","HER2 | Hormone receptor","CDK4-6 inhibitor | Endocrine or SERD"
"NCT05722795","Use of Imatinib to Convert Triple Negative Breast Cancer Into ER-positive Breast Cancer (I-CONIC)","RECRUITING",,"Vastra Gotaland Region","OTHER_GOV","Imatinib 400 MG Oral Tablet","DRUG","2023-06-01","2029-12-28","2025-07-09","2026-08-12","Genomic profiling | HER2 | Hormone receptor",
"NCT06239467","First-in-Human Study of OKI-219 in Advanced Solid Tumors and Advanced Breast Cancer","ACTIVE_NOT_RECRUITING","PHASE1","OnKure, Inc.","INDUSTRY","OKI-219 | Fulvestrant | Trastuzumab | Tucatinib | Atirmociclib | Ribociclib","DRUG","2024-02-26","2027-08-01","2026-07-06","2026-08-12","ctDNA or MRD | HER2 | PIK3CA-AKT1-PTEN","Antibody-drug conjugate | CDK4-6 inhibitor | Endocrine or SERD | HER2-directed"
"NCT03678883","9-ING-41 in Patients With Advanced Cancers","ACTIVE_NOT_RECRUITING","PHASE2","Actuate Therapeutics Inc.","INDUSTRY","9-ING-41 | Gemcitabine - 21 day cycle | Doxorubicin. | Lomustine | Carboplatin. | Nab paclitaxel. | Paclitaxel. | Gemcitabine - 28 day cycle | Irinotecan","DRUG","2019-01-04","2026-06","2026-04-03","2026-08-12","HER2","Immunotherapy"
"NCT04802759","A Study Evaluating the Efficacy and Safety of Multiple Treatment Combinations in Participants With Breast Cancer","RECRUITING","PHASE1 | PHASE2","Hoffmann-La Roche","INDUSTRY","Giredestrant | Abemaciclib | Ipatasertib | Inavolisib | Ribociclib | Everolimus | Samuraciclib | PH FDC SC | Palbociclib | Atezolizumab","DRUG","2021-06-22","2029-05-30","2026-08-05","2026-08-12","ESR1 | HER2 | Hormone receptor | PD-L1 or immune | PIK3CA-AKT1-PTEN","Antibody-drug conjugate | CDK4-6 inhibitor | Endocrine or SERD | HER2-directed | Immunotherapy | PI3K-AKT-mTOR inhibitor"
"NCT05057013","A Phase I/IIa Trial of HMBD-001 in Advanced HER3 Positive Solid Tumours","ACTIVE_NOT_RECRUITING","PHASE1 | PHASE2","Cancer Research UK","OTHER","HMBD-001 | HMBD-001 and enzalutamide","DRUG","2021-11-10","2025-11","2025-08-11","2026-08-12","PIK3CA-AKT1-PTEN","Immunotherapy"
"NCT02032823","Olaparib as Adjuvant Treatment in Patients With Germline BRCA Mutated High Risk HER2 Negative Primary Breast Cancer","ACTIVE_NOT_RECRUITING","PHASE3","AstraZeneca","INDUSTRY","Olaparib | Placebo","DRUG","2014-04-22","2029-05-28","2026-07-14","2026-08-12","BRCA or HRD | HER2","PARP inhibitor"
"NCT05633654","Study of Sacituzumab Govitecan-hziy and Pembrolizumab Versus Treatment of Physician's Choice in Patients With Triple Negative Breast Cancer Who Have Residual Invasive Disease After Surgery and Neoadjuvant Therapy (ASCENT-05/AFT-65 OptimICE-RD/GBG 119/NSABP B-63)","RECRUITING","PHASE3","Gilead Sciences","INDUSTRY","Sacituzumab govitecan-hziy (SG) | Pembrolizumab | Capecitabine","DRUG","2022-12-12","2031-08","2026-07-15","2026-08-12","BRCA or HRD | HER2 | Hormone receptor","Antibody-drug conjugate | HER2-directed | Immunotherapy"
"NCT05486182","Impact of 18F-FES PET on the Therapeutic Treatment of Patients With Metastatic Breast Cancer","ACTIVE_NOT_RECRUITING","PHASE4","GE Healthcare","INDUSTRY","18F Fluoroestradiol Radiopharmaceutical with PET/CT","DRUG","2022-02-08","2026-01","2025-08-14","2026-08-12","HER2","CDK4-6 inhibitor | Endocrine or SERD"
"NCT05382286","Study of Sacituzumab Govitecan-hziy and Pembrolizumab Versus Treatment of Physician's Choice and Pembrolizumab in Patients With Previously Untreated, Locally Advanced Inoperable or Metastatic Triple-Negative Breast Cancer","ACTIVE_NOT_RECRUITING","PHASE3","Gilead Sciences","INDUSTRY","Sacituzumab Govitecan-hziy | Pembrolizumab | Paclitaxel | nab-Paclitaxel | Gemcitabine | Carboplatin","DRUG","2022-07-25","2027-02","2025-09-18","2026-08-12","PD-L1 or immune","Antibody-drug conjugate | Immunotherapy"
"NCT03571633","Impact of Pegfilgrastim on Trastuzumab Anti-tumor Effect and ADCC in Operable HER2+ Breast Cancer Breast Cancer","ACTIVE_NOT_RECRUITING","PHASE2","Centre Leon Berard","OTHER","Trastuzumab + Paclitaxel | Pegfilgrastim","DRUG","2018-08-06","2027-09","2025-11-26","2026-08-12","HER2","HER2-directed | Immunotherapy"
"NCT03893955","A Study to Determine the Safety, Tolerability, Pharmacokinetics, and Preliminary Efficacy of ABBV-927 With ABBV-368, Budigalimab (ABBV-181) and/or Chemotherapy in Participants With Locally Advanced or Metastatic Solid Tumors","ACTIVE_NOT_RECRUITING","PHASE1","AbbVie","INDUSTRY","ABBV-927 | ABBV-368 | ABBV-181 | Carboplatin | Nab-paclitaxel","DRUG","2019-05-21","2026-03","2025-08-12","2026-08-12","Hormone receptor | PD-L1 or immune","Immunotherapy"
"NCT05810870","PIK3CA/PTEN-altered Advanced Breast Cancer Treated With MEN1611 Monotherapy or in Combination With Eribulin","ACTIVE_NOT_RECRUITING","PHASE2","MedSIR","OTHER","MEN1611 | Eribulin","DRUG","2023-05-24","2027-07","2026-03-10","2026-08-12","HER2 | Hormone receptor | PIK3CA-AKT1-PTEN","Immunotherapy | PI3K-AKT-mTOR inhibitor"
"NCT06875128","Evaluation of the Safety and Efficacy of Treatment w/High Dose Melphalan Given Directly Into the Liver Followed by Treatment w/Approved Cancer Treatment or Approved Cancer Treatment Alone in Patients w/ Metastatic Breast Cancer w/Liver Dominant Disease","RECRUITING","PHASE2","Delcath Systems Inc.","INDUSTRY","Melphalan/HDS followed by Physician's choice of SOC (eribulin, vinorelbine, or capecitabine) | Physician's choice of SOC (eribulin, vinorelbine, or capecitabine)","DRUG","2026-01-29","2029-08","2026-06-01","2026-08-12","HER2 | Hormone receptor","Antibody-drug conjugate | CDK4-6 inhibitor | HER2-directed"
"NCT06449222","Safety and Preliminary Effectiveness of BNT327, an Investigational Therapy for Breast Cancer, When Given in Combination With Chemotherapy","ACTIVE_NOT_RECRUITING","PHASE2","BioNTech SE","INDUSTRY","BNT327 Dose Level 1 (DL1) | BNT327 Dose Level 1 (DL2) | Nab-placlitaxel | Carboplatin | Gemcitabine | Paclitaxel | Eribulin | BNT327 Optimized Dose | BNT327 Equivalent Q3W Dose","DRUG","2024-08-26","2029-06","2026-06-30","2026-08-12","Genomic profiling | HER2 | Hormone receptor","Immunotherapy"
"NCT06840483","Study of Zelenectide Pevedotin in Participants With Advanced Breast Cancer","ACTIVE_NOT_RECRUITING","PHASE2","BicycleTx Limited","INDUSTRY","Zelenectide pevedotin (BT8009)","DRUG","2025-03-03","2028-12-30","2026-04-15","2026-08-12","HER2 | Hormone receptor","Antibody-drug conjugate"
"NCT05262400","A Study to Learn About the Study Medicine (Called PF-07220060 in Combination With PF-07104091) In Participants With Breast Cancer and Solid Tumors","ACTIVE_NOT_RECRUITING","PHASE1 | PHASE2","Pfizer","INDUSTRY","PF-07220060 + PF-07104091 combination dose escalation | PF-07104091 + PF-07220060 + fulvestrant dose expansion | PF-07104091 + PF-07220060 + letrozole dose expansion","DRUG","2022-03-14","2026-08-23","2024-11-18","2026-08-12","HER2 | Hormone receptor | PIK3CA-AKT1-PTEN","CDK4-6 inhibitor | Endocrine or SERD | PI3K-AKT-mTOR inhibitor"
"NCT04639219","A Study of T-DXd for the Treatment of Solid Tumors Harboring HER2 Activating Mutations","ACTIVE_NOT_RECRUITING","PHASE2","AstraZeneca","INDUSTRY","Trastuzumab deruxtecan","DRUG","2020-12-30","2026-07-14","2026-03-23","2026-08-12","Genomic profiling | HER2","Antibody-drug conjugate | HER2-directed"
"NCT03701334","A Trial to Evaluate Efficacy and Safety of Ribociclib With Endocrine Therapy as Adjuvant Treatment in Patients With HR+/HER2- Early Breast Cancer","ACTIVE_NOT_RECRUITING","PHASE3","Novartis Pharmaceuticals","INDUSTRY","Ribociclib | Endocrine Therapy (ET)","DRUG | OTHER","2018-12-07","2030-05-29","2026-04-01","2026-08-12","Genomic profiling | HER2 | Hormone receptor","CDK4-6 inhibitor | Endocrine or SERD"
"NCT06757634","Phase 3 Study of Gedatolisib as First-Line Treatment for Patients With HR-Positive, HER2-Negative Advanced Breast Cancer (VIKTORIA-2)","RECRUITING","PHASE3","Celcuity Inc","INDUSTRY","Arm A: Gedatolisib + Palbociclib + Fulvestrant | Arm B: Ribociclib + Fulvestrant | Arm C: Gedatolisib + Palbociclib + Letrozole | Arm D: Ribociclib + Letrozole","DRUG","2025-07-24","2033-07-30","2026-05-18","2026-08-12","HER2 | Hormone receptor | PIK3CA-AKT1-PTEN","CDK4-6 inhibitor | Endocrine or SERD"
"NCT04895709","A Study of BMS-986340 as Monotherapy and as Combination Therapy in Participants With Advanced Solid Tumors","RECRUITING","PHASE1 | PHASE2","Bristol-Myers Squibb","INDUSTRY","BMS-986340 | BMS-936558-01 | Docetaxel | Pumitamig","DRUG","2021-05-27","2031-08-31","2026-06-30","2026-08-12","PD-L1 or immune","Immunotherapy"
"NCT07195344","Study Aiming to Compare the Plasma Exposure of the Payload (Free-DXd) in Patients Treated by T-DXd for Locally Advanced or Metastatic Breast Cancer According to Their BMI.","RECRUITING","PHASE4","Institut Claudius Regaud","OTHER","Pharmacokinetics blood samples","BIOLOGICAL","2025-10-15","2029-10","2026-05-05","2026-08-12","HER2","Antibody-drug conjugate | HER2-directed"
"NCT04521686","Study of LY3410738 Administered to Patients With Advanced Solid Tumors With IDH1 or IDH2 Mutations","ACTIVE_NOT_RECRUITING","PHASE1","Eli Lilly and Company","INDUSTRY","LY3410738 | Gemcitabine | Cisplatin | Durvalumab","DRUG","2020-10-01","2027-05","2026-07-22","2026-08-12","ctDNA or MRD","Immunotherapy"
"NCT03742102","A Study of Novel Anti-cancer Agents in Patients With Metastatic Triple Negative Breast Cancer","ACTIVE_NOT_RECRUITING","PHASE1 | PHASE2","AstraZeneca","INDUSTRY","Durvalumab | Capivasertib | Oleclumab | Paclitaxel | Trastuzumab deruxtecan | Datopotamab deruxtecan","DRUG","2018-12-21","2027-02-26","2026-08-04","2026-08-12","HER2 | PD-L1 or immune | PIK3CA-AKT1-PTEN","Antibody-drug conjugate | HER2-directed | Immunotherapy | PI3K-AKT-mTOR inhibitor"
"NCT07038369","A Phase 1 Study of ATV-1601 in Patients With Advanced Cancer That Have AKT1 E17K Mutations","ACTIVE_NOT_RECRUITING","PHASE1","Atavistik Bio, Inc","INDUSTRY","ATV-1601 | ATV-1601 + Fulvestrant","DRUG | COMBINATION_PRODUCT","2025-07-29","2029-01-31","2026-08-07","2026-08-12","HER2 | PIK3CA-AKT1-PTEN","Endocrine or SERD"
"NCT03845166","A Study of XL092 as Single-Agent and Combination Therapy in Subjects With Solid Tumors","ACTIVE_NOT_RECRUITING","PHASE1","Exelixis","INDUSTRY","XL092 | Atezolizumab | Avelumab","DRUG","2019-03-20","2027-05-31","2024-11-19","2026-08-12","HER2 | Hormone receptor | PD-L1 or immune","Immunotherapy"
"NCT06435429","A Study Comparing the Efficacy and Safety of Zanidatamab to Trastuzumab, Each in Combination With Physician's Choice Chemotherapy, for the Treatment of Participants With Metastatic HER2-positive Breast Cancer","RECRUITING","PHASE3","Jazz Pharmaceuticals","INDUSTRY","Zanidatamab | Trastuzumab | Eribulin | Vinorelbine | Gemcitabine | Capecitabine","DRUG","2024-08-13","2030-10-18","2026-02-10","2026-08-12","HER2","HER2-directed"
"NCT05537740","A First-in-human Study to Learn How Safe the Study Drug BAY3375968, an Anti-CCR8 Antibody, is, When Given Alone or in Combination With Pembrolizumab, How it Affects the Body, How it Moves Into, Through, and Out of the Body, and to Find the Best Dose in Participants With Advanced Solid Tumors","ACTIVE_NOT_RECRUITING","PHASE1","Bayer","INDUSTRY","BAY3375968 | Pembrolizumab","DRUG","2022-10-11","2027-05-04","2026-07-07","2026-08-12","PD-L1 or immune","Immunotherapy"
"NCT04159818","Immune Induction Strategies to Improve Response to Immune Checkpoint Blockade in Triple Negative Breast Cancer (TNBC) Patients","RECRUITING","PHASE2","The Netherlands Cancer Institute","OTHER","Nivolumab | Cisplatin | Low dose doxorubicin","DRUG","2020-02-21","2026-12-15","2022-03-22","2026-08-12","HER2","Immunotherapy"
"NCT07085767","Palazestrant in Combination With Ribociclib for the First-line Treatment of ER+/HER2- Advanced Breast Cancer","RECRUITING","PHASE3","Olema Pharmaceuticals, Inc.","INDUSTRY","Palazestrant | Letrozole-matching placebo | Ribociclib | Letrozole | Palazestrant matching-placebo","DRUG","2025-11-03","2032-01","2026-07-17","2026-08-12","HER2","CDK4-6 inhibitor | Endocrine or SERD"
"NCT07555639","An Integrated Genomic Approach to Assess Genetic Risk and Drug Sensitivity","ACTIVE_NOT_RECRUITING",,"Fondazione Policlinico Universitario Agostino Gemelli IRCCS","OTHER","Genomic profile","GENETIC","2019-11-21","2032-12-31","2026-04-29","2026-08-12","Genomic profiling | HER2",
"NCT05952557","An Adjuvant Endocrine-based Therapy Study of Camizestrant (AZD9833) in ER+/HER2- Early Breast Cancer (CAMBRIA-2)","ACTIVE_NOT_RECRUITING","PHASE3","AstraZeneca","INDUSTRY","Camizestrant | Tamoxifen | Anastrozole | Letrozole | Exemestane | Abemaciclib","DRUG","2023-10-05","2037-05-06","2026-08-10","2026-08-12","HER2","CDK4-6 inhibitor | Endocrine or SERD"
"NCT03616587","Study of AZD9833 Alone or in Combination in Women With Advanced Breast Cancer.","ACTIVE_NOT_RECRUITING","PHASE1","AstraZeneca","INDUSTRY","AZD9833 | AZD9833 with palbociclib | AZD9833 with everolimus | AZD9833 with abemaciclib | AZD9833 with capivasertib | AZD9833 with ribociclib | AZD9833 with anastrozole","DRUG","2018-10-11","2027-06-24","2026-04-30","2026-08-12","HER2 | Hormone receptor","CDK4-6 inhibitor | Endocrine or SERD | PI3K-AKT-mTOR inhibitor"
"NCT05067530","Cyclin dEpendent Kinase in tRiple nEGatIVe brEast canceR - a ""Window of Opportunity"" Study","NOT_YET_RECRUITING","PHASE2","Medical University of Gdansk","OTHER","Palbociclib | Paclitaxel | Carboplatin","DRUG","2022-01-01","2026-12-06","2021-10-05","2026-08-12","HER2 | Hormone receptor","CDK4-6 inhibitor"
"NCT07647328","A Phase IIIb Study to Evaluate Camizestrant Plus Ribociclib in ER-positive, HER2-negative Advanced Breast Cancer","RECRUITING","PHASE3","AstraZeneca","INDUSTRY","Camizestrant | Ribociclib","DRUG","2026-06-15","2029-02-28","2026-08-10","2026-08-12","HER2 | Hormone receptor","CDK4-6 inhibitor | Endocrine or SERD"
"NCT06048718","T-DXd Therapy for HER2-low Breast Cancer Patients With Brain Metastases","ACTIVE_NOT_RECRUITING","PHASE2","MedSIR","OTHER","Trastuzumab-Deruxtecan (T-DXd)","DRUG","2024-06-05","2026-11","2026-05-08","2026-08-12","HER2","Antibody-drug conjugate | HER2-directed"
"NCT06533059","A Study to Learn About Study Medicine ALTA2618 in Adults With AKT1 E17K-Mutant Solid Tumors","ACTIVE_NOT_RECRUITING","PHASE1","Alterome Therapeutics, Inc.","INDUSTRY","ALTA2618","DRUG","2024-08-22","2027-12-29","2026-07-15","2026-08-12","Genomic profiling | PIK3CA-AKT1-PTEN","PI3K-AKT-mTOR inhibitor"
"NCT03283384","Tailoring NEOadjuvant Therapy in Hormone Receptor Positive, HER2 Negative, Luminal Breast Cancer.","ACTIVE_NOT_RECRUITING","PHASE2","Borstkanker Onderzoek Groep","NETWORK","Letrozole | Chemotherapy | Ribociclib plus letrozole","DRUG","2019-06-15","2027-08","2025-09-19","2026-08-12","HER2 | Hormone receptor","CDK4-6 inhibitor | Endocrine or SERD"
"NCT06382948","Elacestrant + Everolimus in Patients ER+/HER2-, ESR1mut, Advanced Breast Cancer Progressing to ET and CDK4/6i.","RECRUITING","PHASE3","MedSIR","OTHER","Everolimus | Elacestrant | Placebo | Auxiliary Medicinal Product - Dexamethasone | Auxiliary Medicinal Product - Luteinizing hormone-releasing hormone (LHRH) analogues","DRUG","2024-12-05","2028-04","2026-04-03","2026-08-12","ESR1 | HER2 | Hormone receptor | PIK3CA-AKT1-PTEN","CDK4-6 inhibitor | Endocrine or SERD | PI3K-AKT-mTOR inhibitor"
"NCT02546232","Improved Breast Cancer Therapy (I-BCT-1) in the Neoadjuvant and Metastatic Setting","ACTIVE_NOT_RECRUITING","PHASE2","Oslo University Hospital","OTHER","Carboplatin | Paclitaxel","DRUG","2015-04-01","2028-12-31","2025-06-04","2026-08-12","HER2",
"NCT04920708","Fulvestrant, Ipatasertib and CDK4/6 Inhibition in Metastatic ER+/HER2- Breast Cancer Patients Without ctDNA Suppression","ACTIVE_NOT_RECRUITING","PHASE2","Royal Marsden NHS Foundation Trust","OTHER","Ipatasertib 300mg | Fulvestrant 500g | Palbociclib 75mg-125mg | CDK4/6 Inhibitor","DRUG","2022-12-28","2027-06","2026-04-14","2026-08-12","ctDNA or MRD | HER2 | PIK3CA-AKT1-PTEN","CDK4-6 inhibitor | Endocrine or SERD | PI3K-AKT-mTOR inhibitor"
"NCT04494425","Study of Trastuzumab Deruxtecan (T-DXd) vs Investigator's Choice Chemotherapy in HER2-low, Hormone Receptor Positive, Metastatic Breast Cancer","ACTIVE_NOT_RECRUITING","PHASE3","AstraZeneca","INDUSTRY","Trastuzumab deruxtecan | Capecitabine | Paclitaxel | Nab-Paclitaxel","DRUG","2020-07-24","2026-06-19","2026-03-04","2026-08-12","HER2 | Hormone receptor","Antibody-drug conjugate | CDK4-6 inhibitor | HER2-directed"
"NCT06330064","A Study to Evaluate the Efficacy and Safety of Ifinatamab Deruxtecan (I-DXd) in Subjects With Recurrent or Metastatic Solid Tumors (IDeate-PanTumor02)","RECRUITING","PHASE1 | PHASE2","Daiichi Sankyo","INDUSTRY","Ifinatamab deruxtecan","DRUG","2024-04-10","2028-07-25","2026-08-05","2026-08-12","Genomic profiling | HER2 | Hormone receptor | PD-L1 or immune","Antibody-drug conjugate | HER2-directed | Immunotherapy"
"NCT05629585","A Study of Dato-DXd With or Without Durvalumab Versus Investigator's Choice of Therapy in Patients With Stage I-III Triple-negative Breast Cancer Without Pathological Complete Response Following Neoadjuvant Therapy (TROPION-Breast03)","ACTIVE_NOT_RECRUITING","PHASE3","AstraZeneca","INDUSTRY","Dato-DXd | Durvalumab | Capecitabine | Pembrolizumab","DRUG","2022-11-28","2030-01-30","2026-06-15","2026-08-12","BRCA or HRD | PD-L1 or immune","Immunotherapy"
"NCT06618287","A Study to Evaluate the Safety, Tolerability, Drug Levels, and Preliminary Efficacy of BMS-986507 Combinations in Adult Participants With Advanced Solid Tumors","RECRUITING","PHASE1 | PHASE2","Bristol-Myers Squibb","INDUSTRY","BMS-986507 | Osimertinib | Pembrolizumab | Nivolumab | Pumitamig","DRUG","2025-02-04","2031-02-26","2026-07-23","2026-08-12","HER2","Immunotherapy"
"NCT05232916","Phase 3 Study to Evaluate the Efficacy and Safety of HER2/Neu Peptide GLSI-100 (GP2 + GM-CSF) in HER2/Neu Positive Subjects","RECRUITING","PHASE3","Greenwich LifeSciences, Inc.","INDUSTRY","Placebo | GLSI-100","BIOLOGICAL","2022-12-16","2031-12","2026-08-06","2026-08-12","HER2","HER2-directed | Immunotherapy"
"NCT06606730","Personalizing the Use of Pembrolizumab for Patients Who Have a Strong Response in Early Triple Negative Breast Cancer","RECRUITING","PHASE3","UNICANCER","OTHER","Pembrolizumab | Deescalation","DRUG | OTHER","2025-07-23","2039-06-01","2026-07-23","2026-08-12","HER2 | Hormone receptor","Immunotherapy"
"NCT05315700","Study of ORIC-114 in Patients With Advanced Solid Tumors Harboring an EGFR or HER2 Alteration","RECRUITING","PHASE1 | PHASE2","ORIC Pharmaceuticals","INDUSTRY","ORIC-114 | Chemotherapy drug","DRUG","2022-03-10","2027-09","2025-08-05","2026-08-12","HER2",
"NCT05272709","TT-702 in Patients With Advanced Solid Tumours.","RECRUITING","PHASE1 | PHASE2","Cancer Research UK","OTHER","TT-702 | Darolutamide","DRUG","2022-01-19","2027-06","2024-05-13","2026-08-12","ctDNA or MRD | HER2 | Hormone receptor | PD-L1 or immune","Immunotherapy"
"NCT07213791","A Study of LY4337713 in Participants With FAP-Positive Solid Tumors","RECRUITING","PHASE1","Eli Lilly and Company","INDUSTRY","LY4337713","DRUG","2025-10-22","2033-03","2026-08-06","2026-08-12","HER2 | Hormone receptor","Antibody-drug conjugate | Immunotherapy"
"NCT05296746","Neoadjuvant and Adjuvant Ribociclib and ET for Clinically High-risk ER+ and HER2- Breast Cancer","ACTIVE_NOT_RECRUITING","PHASE2","SOLTI Breast Cancer Research Group","OTHER","Ribociclib (neoadjuvant) | Chemotherapy (adjuvant) | Ribociclib (adjuvant)","DRUG","2022-05-03","2031-12-01","2026-05-14","2026-08-12","HER2 | Hormone receptor","CDK4-6 inhibitor | Endocrine or SERD"
"NCT05706129","A Study to Assess Safety, Tolerability and Imaging Characteristics of [68Ga]Ga-DPI-4452 and to Assess Safety, Tolerability, and Efficacy of [177Lu]Lu-DPI-4452 in Participants With Unresectable Locally Advanced or Metastatic Solid Tumors","RECRUITING","PHASE1 | PHASE2","Lumara Bio Oncologics GmbH","INDUSTRY","[68Ga]Ga-DPI-4452 | [177Lu]Lu-DPI-4452","DRUG","2023-03-14","2029-03","2026-08-11","2026-08-12","Genomic profiling","Immunotherapy"
"NCT04595565","Sacituzumab Govitecan in Primary HER2-negative Breast Cancer","ACTIVE_NOT_RECRUITING","PHASE3","GBG Forschungs GmbH","OTHER","Capecitabine | Carboplatin | Cisplatin | Sacituzumab govitecan","DRUG","2020-10-28","2029-03-30","2026-04-22","2026-08-12","BRCA or HRD | HER2 | Hormone receptor","Antibody-drug conjugate | CDK4-6 inhibitor | Immunotherapy | PARP inhibitor"
"NCT06952803","A Study of Metastases Free Survival With Saruparib vs Placebo Added to a Standard RT/ADT in Men With High-risk Prostate Cancer With a BRCA Mutation","RECRUITING","PHASE3","AstraZeneca","INDUSTRY","Saruparib | Placebo | Abiraterone + Prednisolone/Prednisone | Androgen Deprivation Therapy (ADT)","DRUG","2025-08-06","2036-04-30","2026-07-21","2026-08-12","BRCA or HRD","Immunotherapy"
"NCT05768139","First-in-Human Study of Tersolisib (STX-478) as Monotherapy and in Combination With Other Antineoplastic Agents in Participants With Advanced Solid Tumors","RECRUITING","PHASE1 | PHASE2","Eli Lilly and Company","INDUSTRY","STX-478 | Fulvestrant | Ribociclib | Palbociclib | Letrozole | Anastrozole | Exemestane | Tamoxifen | Abemaciclib | Imlunestrant | Metformin","DRUG","2023-04-17","2030-07","2026-07-07","2026-08-12","Hormone receptor | PIK3CA-AKT1-PTEN","CDK4-6 inhibitor | Endocrine or SERD | PI3K-AKT-mTOR inhibitor"
"NCT07060807","A Clinical Study of Patritumab Deruxtecan to Treat Breast Cancer (MK-1022-016)","RECRUITING","PHASE3","Merck Sharp & Dohme LLC","INDUSTRY","Patritumab deruxtecan | Paclitaxel | Nab-paclitaxel | Capecitabine | Liposomal doxorubicin | Trastuzumab deruxtecan","BIOLOGICAL | DRUG","2025-07-21","2033-07-14","2026-08-07","2026-08-12","BRCA or HRD | HER2 | Hormone receptor","Antibody-drug conjugate | CDK4-6 inhibitor | HER2-directed"
"NCT04584853","PreOperative Endocrine Therapy for Individualised Care With Abemaciclib","ACTIVE_NOT_RECRUITING","PHASE3","Institute of Cancer Research, United Kingdom","OTHER","Abemaciclib | Endocrine therapy (letrozole, anastrozole, exemestane or tamoxifen)","DRUG","2020-12-23","2030-10","2026-01-14","2026-08-12","HER2","CDK4-6 inhibitor | Endocrine or SERD"
"NCT03958136","Clinico-biological Data Collection Study of Metastatic Breast Cancer","ACTIVE_NOT_RECRUITING",,"Institut Cancerologie de l'Ouest","OTHER","Metastasis biopsy | Biomarkers blood, urine and microbiota samples | Patient Reported Outcome (PRO)","PROCEDURE | BIOLOGICAL | BEHAVIORAL","2018-12-24","2036-12-30","2025-08-17","2026-08-12","Genomic profiling | HER2 | Hormone receptor",
"NCT06371807","Trial for Treatment of High Risk BC With Two Sequences of Neoadjuvant Chemotherapy With Pembrolizumab","NOT_YET_RECRUITING","PHASE2","Fundacao Champalimaud","OTHER","Pembrolizumab injection","DRUG","2024-07","2026-12","2024-04-17","2026-08-12","HER2 | PD-L1 or immune","Immunotherapy"
"NCT07054190","A Study to Test Inavolisib Treatments in Participants With Early-Stage, PIK3CA-Mutated Breast Cancer","RECRUITING","PHASE2","Hoffmann-La Roche","INDUSTRY","Inavolisib | Ribociclib | Letrozole","DRUG","2025-09-09","2027-09-28","2026-07-16","2026-08-12","HER2 | Hormone receptor | PIK3CA-AKT1-PTEN","CDK4-6 inhibitor | Endocrine or SERD | PI3K-AKT-mTOR inhibitor"
"NCT03155997","Endocrine Therapy With or Without Abemaciclib (LY2835219) Following Surgery in Participants With Breast Cancer","ACTIVE_NOT_RECRUITING","PHASE3","Eli Lilly and Company","INDUSTRY","Abemaciclib | Standard Adjuvant Endocrine Therapy","DRUG","2017-07-12","2029-05","2026-04-24","2026-08-12","HER2 | Hormone receptor","CDK4-6 inhibitor | Endocrine or SERD"
"NCT03734029","Trastuzumab Deruxtecan (DS-8201a) Versus Investigator's Choice for HER2-low Breast Cancer That Has Spread or Cannot be Surgically Removed [DESTINY-Breast04]","ACTIVE_NOT_RECRUITING","PHASE3","Daiichi Sankyo","INDUSTRY","Trastuzumab deruxtecan (DS-8201a) | Capecitabine | Eribulin | Gemcitabine | Paclitaxel | Nab-paclitaxel","DRUG","2018-12-27","2026-08-01","2025-10-06","2026-08-12","HER2 | Hormone receptor","Antibody-drug conjugate | HER2-directed"
"NCT02624973","PErsonalized TREatment of High-risk MAmmary Cancer - the PETREMAC Trial","ACTIVE_NOT_RECRUITING","PHASE2","Haukeland University Hospital","OTHER","Neoadjuvant tamoxifen + goserelin (premenopausal women) | Neoadjuvant letrozole (postmenopausal women) | Neoadjuvant endocrine therapy + palbociclib (if lack of response to endocrine therapy alone) | Neoadjuvant docetaxel + cyclophosphamide | Neoadjuvant docetaxel | Neoadjuvant docetaxel + trastuzumab + pertuzumab | Neoadjuvant docetaxel + cyclophosphamide + trastuzumab + pertuzumab | Neoadjuvant olaparib | Neoadjuvant cyclophosphamide (after 10 weeks of olaparib alone) | Breast conserving surgery or mastectomy + SNB/axillary dissection | Postoperative radiotherapy breast/chest wall + regional lymph nodes | Adjuvant trastuzumab | Adjuvant letrozole (postmenopausal women) | Adjuvant tamoxifen + goserelin (premenopausal women) | Adjuvant palbociclib (if palbociclib given neoadjuvant) | Adjuvant Epirubicin+ Cyclophosphamide","DRUG | PROCEDURE | RADIATION","2016-04-15","2030-06","2026-02-12","2026-08-12","HER2 | Hormone receptor","CDK4-6 inhibitor | Endocrine or SERD | HER2-directed | PARP inhibitor"
"NCT05296798","A Study to Evaluate the Efficacy and Safety of Giredestrant in Combination With Phesgo (Pertuzumab, Trastuzumab, and Hyaluronidase-zzxf) Versus Phesgo in Participants With Locally Advanced or Metastatic Breast Cancer (heredERA Breast Cancer)","ACTIVE_NOT_RECRUITING","PHASE3","Hoffmann-La Roche","INDUSTRY","Phesgo | Giredestrant | Docetaxel | Paclitaxel | LHRH Agonist | Optional Endocrine Therapy of Investigator's Choice","DRUG","2022-07-18","2030-12-31","2026-07-16","2026-08-12","HER2 | Hormone receptor","Antibody-drug conjugate | Endocrine or SERD | HER2-directed"
"NCT05382299","Study of Sacituzumab Govitecan-hziy Versus Treatment of Physician's Choice in Patients With Previously Untreated Locally Advanced Inoperable or Metastatic Triple-Negative Breast Cancer","ACTIVE_NOT_RECRUITING","PHASE3","Gilead Sciences","INDUSTRY","Sacituzumab Govitecan-hziy | Paclitaxel | nab-Paclitaxel | Gemcitabine | Carboplatin","DRUG","2022-07-20","2028-07","2026-04-06","2026-08-12","PD-L1 or immune","Antibody-drug conjugate | Immunotherapy"
"NCT06954480","Investigating Datopotamab Deruxtecan Plus Durvalumab Versus Datopotamab Deruxtecan in Patients With PDL1-negative Metastatic Triple-negative Breast Cancer","RECRUITING","PHASE2","Queen Mary University of London","OTHER","Datopotamab Deruxtecan (Dato-DXd) | Durvalumab","DRUG","2025-10-27","2030-02","2026-05-22","2026-08-12","Genomic profiling | HER2 | Hormone receptor | PD-L1 or immune","Antibody-drug conjugate | Immunotherapy | PARP inhibitor"
"NCT06458712","Study to Assess Safety, Tolerability and Activity of DSB2455 in Participants With Advanced Malignancies","RECRUITING","PHASE1","Duke Street Bio Ltd","INDUSTRY","DSB2455","DRUG","2024-11-21","2028-12","2026-07-21","2026-08-12","BRCA or HRD","PARP inhibitor"
"NCT05082259","ASTEROID: A Trial of ASTX660 in Combination With Pembrolizumab","ACTIVE_NOT_RECRUITING","PHASE1","Institute of Cancer Research, United Kingdom","OTHER","ASTX660 | Pembrolizumab","DRUG","2022-03-02","2026-12","2026-06-25","2026-08-12","HER2 | PD-L1 or immune","CDK4-6 inhibitor | Immunotherapy"
"NCT05950945","Trastuzumab Deruxtecan (T-DXd) in Patients Who Have Hormone Receptor-negative and Hormone Receptor-positive HER2-low or HER2 IHC 0 Metastatic Breast Cancer","RECRUITING","PHASE3","Daiichi Sankyo","INDUSTRY","Trastuzumab Deruxtecan","DRUG","2023-12-30","2027-10-01","2026-06-12","2026-08-12","HER2 | Hormone receptor","Antibody-drug conjugate | CDK4-6 inhibitor | HER2-directed"
"NCT03562637","Study of Adagloxad Simolenin (OBI-822)/OBI-821 in the Adjuvant Treatment of Patients With Globo H Positive TNBC","ACTIVE_NOT_RECRUITING","PHASE3","OBI Pharma, Inc","INDUSTRY","adagloxad simolenin combined with OBI-821 | Globo H IHC Assay | Standard of care treatment","BIOLOGICAL | DEVICE | OTHER","2018-12-05","2027-12-30","2025-05-09","2026-08-12","HER2 | Hormone receptor","Immunotherapy"
"NCT06365788","Bicalutamide and Abemaciclib in Inoperable or Metastatic Androgen Receptor-positive Triple-negative Breast Cancer","RECRUITING","PHASE2","Universitaire Ziekenhuizen KU Leuven","OTHER","Abemaciclib | Bicalutamide","DRUG","2024-04-08","2028-12","2026-04-01","2026-08-12","BRCA or HRD | HER2","CDK4-6 inhibitor | Endocrine or SERD | Immunotherapy | PARP inhibitor"
"NCT05306041","Neoadjuvant Endocrine Therapy +/- the PI3K Inhibitor Inavolisib in HER2+, HR+, PIK3CA Mutant Early Breast Cancer","RECRUITING","PHASE2","GBG Forschungs GmbH","OTHER","Inavolisib | PHESGO | Endocrine therapy","DRUG","2023-01-02","2027-01","2025-02-17","2026-08-12","HER2 | Hormone receptor | PIK3CA-AKT1-PTEN","PI3K-AKT-mTOR inhibitor"
"NCT06612203","Clinical Study to Evaluate Debio0123 + Sacituzumab Govitecan Combination in TNBC or HR+/HER2- Advanced Breast Cancer","ACTIVE_NOT_RECRUITING","PHASE1 | PHASE2","MedSIR","OTHER","Debio 0123 and Sacituzumab govitecan","DRUG","2025-01-17","2027-10","2025-12-05","2026-08-12","HER2","Antibody-drug conjugate | CDK4-6 inhibitor"
"NCT06746688","A First-in-human, Clinical Trial Assessing the Safety of ES2B-C001-S01 With or Without [Adjuvant] in Patients With HER2-expressing Metastatic Breast Cancer.","RECRUITING","PHASE1","ExpreS2ion Biotechnologies","INDUSTRY","ES2B-C001 | ISA 51 VD","BIOLOGICAL | OTHER","2025-06-03","2026-12","2026-04-13","2026-08-12","HER2","Antibody-drug conjugate | HER2-directed"
"NCT05573555","TACTIVE-U: A Study to Learn About the Study Medicine (Vepdegestrant) When Given With Other Medicines in People With Advanced or Metastatic Breast Cancer (Sub-Study B)","ACTIVE_NOT_RECRUITING","PHASE1 | PHASE2","Pfizer","INDUSTRY","ARV-471 | Ribociclib","DRUG","2023-03-01","2026-12-30","2026-03-09","2026-08-12","HER2 | Hormone receptor","CDK4-6 inhibitor"
"NCT00798070","Panther: A Study Comparing Biweekly and Tailored EC-T Versus Three Weekly FEC-T in Breast Cancer Patients","ACTIVE_NOT_RECRUITING","PHASE3","Karolinska University Hospital","OTHER","dtEC→dtT | FEC→T","DRUG","2007-02","2028-01","2024-12-18","2026-08-12","Genomic profiling | HER2","HER2-directed"
"NCT03595592","Neoadjuvant Treatment of HER2 Positive Early High-risk and Locally Advanced Breast Cancer","ACTIVE_NOT_RECRUITING","PHASE3","Fondazione Michelangelo","OTHER","Trastuzumab | Pertuzumab | Carboplatin | Paclitaxel | Doxorubicin | Cyclophosphamide | Atezolizumab | Surgery","DRUG | PROCEDURE","2018-09-07","2027-03-15","2024-03-06","2026-08-12","HER2 | Hormone receptor | PD-L1 or immune","HER2-directed | Immunotherapy"
"NCT02804815","Add-Aspirin: A Trial Assessing the Effects of Aspirin on Disease Recurrence and Survival After Primary Therapy in Common Non Metastatic Solid Tumours","ACTIVE_NOT_RECRUITING","PHASE3","University College, London","OTHER","Aspirin 100mg | Aspirin 300mg | Placebo 100mg | Placebo 300mg","DRUG","2015-10","2026-10","2025-06-10","2026-08-12","HER2 | Hormone receptor","HER2-directed"
"NCT05888831","A Study of BMS-986449 With and Without Nivolumab in Participants With Advanced Solid Tumors","ACTIVE_NOT_RECRUITING","PHASE1 | PHASE2","Bristol-Myers Squibb","INDUSTRY","BMS-986449 | Nivolumab","DRUG","2023-06-06","2026-09-30","2025-06-11","2026-08-12","PD-L1 or immune","Immunotherapy"
"NCT06106529","REDucing Hot FLASHes in Women Using Endocrine Therapy.","RECRUITING","PHASE3","Reinier de Graaf Groep","OTHER","Oxybutynin | Venlafaxine","DRUG","2024-10-03","2029-01-01","2025-02-04","2026-08-12","HER2","Endocrine or SERD | Immunotherapy"
"NCT06380751","Saruparib (AZD5305) Plus Camizestrant or Plus Endocrine Therapy, Compared With CDK4/6 Inhibitor Plus Endocrine Therapy or Plus Camizestrant in HR-Positive, HER2-Negative (IHC 0, 1+, 2+/ ISH Non-amplified), BRCA1, BRCA2, or PALB2m Advanced Breast Cancer","RECRUITING","PHASE3","AstraZeneca","INDUSTRY","Saruparib (AZD5305) | Camizestrant | Abemaciclib | Ribociclib | Palbociclib | Fulvestrant | Letrozole | Anastrozole | Exemestane","DRUG","2024-08-01","2031-12-30","2026-07-30","2026-08-12","BRCA or HRD | HER2 | Hormone receptor","CDK4-6 inhibitor | Endocrine or SERD"
"NCT06680596","Detecting Tumor DNA in the Blood of HR+/HER2-low Metastatic Breast Cancer Patients to Find Candidates for T-DXd Therapy","ENROLLING_BY_INVITATION","PHASE2","UNICANCER","OTHER","trastuzumab derxutecan","DRUG","2025-07-30","2029-08-01","2026-08-03","2026-08-12","ctDNA or MRD | HER2 | Hormone receptor | PIK3CA-AKT1-PTEN","Antibody-drug conjugate | CDK4-6 inhibitor | Endocrine or SERD | HER2-directed"
"NCT04198727","Study of the Impact of DPD Activity on the Efficacy of Capecitabine","ACTIVE_NOT_RECRUITING","PHASE2","Centre Antoine Lacassagne","OTHER","DPD activity assessment | Capecitabine","OTHER | DRUG","2020-07-20","2030-07","2026-06-02","2026-08-12","HER2",
"NCT06312176","A Study of Sacituzumab Tirumotecan (MK-2870) as a Single Agent and in Combination With Pembrolizumab (MK-3475) Versus Treatment of Physician's Choice in Participants With HR+/HER2- Unresectable Locally Advanced or Metastatic Breast Cancer (MK-2870-010)","RECRUITING","PHASE3","Merck Sharp & Dohme LLC","INDUSTRY","Sacituzumab tirumotecan | Pembrolizumab | Paclitaxel | Nab-paclitaxel | Capecitabine | Liposomal doxorubicin","DRUG | BIOLOGICAL","2024-04-14","2031-04-12","2026-07-27","2026-08-12","HER2 | Hormone receptor","Antibody-drug conjugate | CDK4-6 inhibitor | Immunotherapy"
"NCT05503797","A Study to Assess the Efficacy and Safety of FORE8394 in Participants With Cancer Harboring BRAF Alterations","RECRUITING","PHASE2","Fore Biotherapeutics","INDUSTRY","Plixorafenib","DRUG","2023-02-21","2028-12-28","2026-07-27","2026-08-12","ESR1 | Genomic profiling | Hormone receptor","Immunotherapy"
"NCT07428018","Pragmatic Study to Optimize Neoadjuvant Treatment and Surgical De-escalation in HR+/HER2- Early Breast Cancer Using Oncotype DX and Abemaciclib","NOT_YET_RECRUITING","PHASE2","Mario Negri Institute for Pharmacological Research","OTHER","Abemaciclib","DRUG","2026-04-30","2029-04-30","2026-03-05","2026-08-12","HER2 | Hormone receptor","CDK4-6 inhibitor"
"NCT01872260","Study of LEE011, BYL719 and Letrozole in Advanced ER+ Breast Cancer","ACTIVE_NOT_RECRUITING","PHASE1 | PHASE2","Novartis Pharmaceuticals","INDUSTRY","LEE011 | Letrozole | BYL719","DRUG","2013-10-22","2027-02-26","2026-06-11","2026-08-12","HER2 | PIK3CA-AKT1-PTEN","CDK4-6 inhibitor | Endocrine or SERD"
"NCT05710666","Neoadjuvant Trastuzumab Deruxtecan (T-DXd) With Response-directed Definitive Therapy in Early Stage HER2-positive Breast Cancer (SHAMROCK Study)","ACTIVE_NOT_RECRUITING","PHASE2","Cancer Trials Ireland","NETWORK","trastuzumab deruxtecan (T-DXd) (IV)","DRUG","2023-10-26","2028-03-30","2024-08-05","2026-08-12","HER2","Antibody-drug conjugate | HER2-directed"
"NCT05332561","Genomics Guided Targeted Post-neoadjuvant Therapy in Patients With Early Breast Cancer (COGNITION-GUIDE)","RECRUITING","PHASE2","German Cancer Research Center","OTHER","Atezolizumab 1200 mg in 20 ML Injection | Inavolisib | Ipatasertib | Olaparib | Sacituzumab govitecan | Trastuzumab/pertuzumab","DRUG","2023-06-29","2030-12","2025-03-20","2026-08-12","BRCA or HRD | HER2 | Hormone receptor | PD-L1 or immune | PIK3CA-AKT1-PTEN","Antibody-drug conjugate | CDK4-6 inhibitor | HER2-directed | Immunotherapy | PARP inhibitor | PI3K-AKT-mTOR inhibitor"
"NCT04360941","PAveMenT: Palbociclib and Avelumab in Metastatic AR+ Triple Negative Breast Cancer","RECRUITING","PHASE1","Royal Marsden NHS Foundation Trust","OTHER","Palbociclib | Avelumab","DRUG","2020-08-11","2027-07-31","2026-07-20","2026-08-12","HER2","CDK4-6 inhibitor | Immunotherapy"
"NCT05104866","A Phase-3, Open-Label, Randomized Study of Dato-DXd Versus Investigator's Choice of Chemotherapy (ICC) in Participants With Inoperable or Metastatic HR-Positive, HER2-Negative Breast Cancer Who Have Been Treated With One or Two Prior Lines of Systemic Chemotherapy (TROPION-Breast01)","ACTIVE_NOT_RECRUITING","PHASE3","AstraZeneca","INDUSTRY","Dato-DXd | Capecitabine | Gemcitabine | Eribulin | Vinorelbine","DRUG","2021-10-18","2026-07-31","2026-05-05","2026-08-12","HER2 | Hormone receptor","Antibody-drug conjugate | HER2-directed | Immunotherapy"
"NCT05909397","Vepdegestrant (ARV-471/PF-07850327) + Palbociclib vs Letrozole + Palbociclib in ER(+)/HER2(-) Advanced Breast Cancer","ACTIVE_NOT_RECRUITING","PHASE3","Pfizer","INDUSTRY","Vepdegestrant (ARV-471/PF-07850327) | Palbociclib | Letrozole","DRUG | COMBINATION_PRODUCT","2023-08-09","2026-12-30","2026-02-10","2026-08-12","HER2 | Hormone receptor","CDK4-6 inhibitor | Endocrine or SERD"
"NCT07192588","A Study of GR1014 Cutaneous Gel for the Prevention of Skin Reactions Caused by Radiation Therapy for Breast Cancer","ACTIVE_NOT_RECRUITING","PHASE2","Graegis Pharmaceuticals Ltd","INDUSTRY","GR1014-CG 2.4% | Vehicle Gel | Radiation Therapy | GR1014-CG 4.7%","DRUG | RADIATION","2024-07-26","2026-10-30","2025-09-25","2026-08-12","HER2 | Hormone receptor",
"NCT06695845","A Phase 2 Study of Zanidatamab in Patients With HER2-expressing Tumors","RECRUITING","PHASE2","Jazz Pharmaceuticals","INDUSTRY","Zanidatamab","DRUG","2025-01-14","2027-12-31","2026-07-10","2026-08-12","HER2","Antibody-drug conjugate | HER2-directed"
"NCT06247995","A Phase I/II, Dose Finding and Optimization Study of [177Lu]Lu-NeoB in Combination With Capecitabine in Patients With GRPR+, ER+, HER2- Metastatic Breast Cancer After Progression on Previous Endocrine Therapy in Combination With a CDK4/6 Inhibitor.","ACTIVE_NOT_RECRUITING","PHASE1 | PHASE2","Novartis Pharmaceuticals","INDUSTRY","[68Ga]Ga-NeoB | [177Lu]Lu-NeoB | Capecitabine","DRUG","2024-08-14","2031-09-09","2026-07-24","2026-08-12","BRCA or HRD | HER2 | Hormone receptor","Antibody-drug conjugate | CDK4-6 inhibitor | Endocrine or SERD | HER2-directed | PARP inhibitor"
"NCT07458204","Peritumoral and Periganglionic Infiltration of Levobupivacaine Prior to Conservative Surgery for Triple-negative Breast Cancer","NOT_YET_RECRUITING","PHASE2","Institut Jean-Godinot","OTHER","LVB infiltration","DRUG","2026-10-01","2032-10-01","2026-03-09","2026-08-12","HER2 | Hormone receptor",
"NCT04784715","Trastuzumab Deruxtecan (T-DXd) With or Without Pertuzumab Versus Taxane, Trastuzumab and Pertuzumab in HER2-positive Metastatic Breast Cancer (DESTINY-Breast09)","ACTIVE_NOT_RECRUITING","PHASE3","AstraZeneca","INDUSTRY","Trastuzumab deruxtecan | Placebo | Taxane | Pertuzumab | Trastuzumab","DRUG","2021-04-26","2029-12-30","2026-07-30","2026-08-12","HER2 | Hormone receptor","Antibody-drug conjugate | HER2-directed"
"NCT06611891","Evaluation of Somatostatin Receptor Expression in PET 68Ga-DOTATOC in Patients Followed for Metastatic Breast Cancer","RECRUITING","PHASE3","University Hospital, Grenoble","OTHER","68Ga-DOTATOC","DRUG","2025-01-06","2026-10","2025-03-04","2026-08-12","HER2",
"NCT05582538","Restoring Sensitivity To Immunotherapy In Advanced Triple Negative Breast Cancer Exploiting Ceralasertib Priming Followed By Combined Durvalumab/Nab-Paclitaxel","RECRUITING","PHASE2","IFOM ETS - The AIRC Institute of Molecular Oncology","OTHER","Ceralasertib | Durvalumab | Nab-paclitaxel","DRUG","2022-12-15","2029-12","2025-08-24","2026-08-12","Genomic profiling | HER2 | PD-L1 or immune","Immunotherapy"
"NCT05973864","Capecitabine Plus Pembrolizumab in Patients With Triple Negative Breast Cancer After Chemo-immunotherapy and Surgery","RECRUITING","PHASE2","UNICANCER","OTHER","Pembrolizumab injection | Capecitabine tablets | Local radiotherapy","DRUG | RADIATION","2025-03-11","2028-08","2025-11-17","2026-08-12","HER2","Immunotherapy"
"NCT05840211","Study of Sacituzumab Govitecan Versus Treatment of Physician's Choice in Patients With Hormone Receptor-positive/Human Epidermal Growth Factor Receptor 2 Negative (HR+/HER2-) Metastatic Breast Cancer Who Have Received Endocrine Therapy","ACTIVE_NOT_RECRUITING","PHASE3","Gilead Sciences","INDUSTRY","Sacituzumab Govitecan-hziy | Paclitaxel | Nab-paclitaxel | Capecitabine","DRUG","2023-05-08","2028-04","2025-10-03","2026-08-12","BRCA or HRD | HER2 | Hormone receptor | PIK3CA-AKT1-PTEN","Antibody-drug conjugate | CDK4-6 inhibitor | Endocrine or SERD | PARP inhibitor"
"NCT05452213","Comprehensive Analysis of Spatial, Temporal and Molecular Patterns of Ribociclib Efficacy and Resistance in Advanced Breast Cancer Patients","RECRUITING","PHASE4","Institut fuer Frauengesundheit","OTHER","Ribociclib","DRUG","2022-10-12","2026-10","2023-04-18","2026-08-12","HER2 | Hormone receptor","CDK4-6 inhibitor"
"NCT07005882","Hormonal Receptor (HR)-Positive HER2 Negative Breast Cancer Patients Treated With Preoperative ELacestrant and PULSAR Radiotherapy","NOT_YET_RECRUITING","PHASE2","Azienda Ospedaliero-Universitaria Careggi","OTHER","Elacestrant | PULSAR","DRUG | RADIATION","2025-09-01","2028-03-01","2025-06-05","2026-08-12","HER2 | Hormone receptor","Endocrine or SERD"
