"Country","Country_code","Year","Sex","Age_standardised_rate","Data_flag","Source","Male_female_gap"
"Austria","AT",2015,"Females",377.79,,"https://ec.europa.eu/eurostat/api/dissemination/statistics/1.0/data/hlth_cd_asdr2",136.81
"Austria","AT",2015,"Males",514.6,,"https://ec.europa.eu/eurostat/api/dissemination/statistics/1.0/data/hlth_cd_asdr2",136.81
"Austria","AT",2015,"Total",435.61,,"https://ec.europa.eu/eurostat/api/dissemination/statistics/1.0/data/hlth_cd_asdr2",136.81
"Austria","AT",2016,"Females",341.89,,"https://ec.europa.eu/eurostat/api/dissemination/statistics/1.0/data/hlth_cd_asdr2",133.28
"Austria","AT",2016,"Males",475.17,,"https://ec.europa.eu/eurostat/api/dissemination/statistics/1.0/data/hlth_cd_asdr2",133.28
"Austria","AT",2016,"Total",397.43,,"https://ec.europa.eu/eurostat/api/dissemination/statistics/1.0/data/hlth_cd_asdr2",133.28
"Austria","AT",2017,"Females",337.76,,"https://ec.europa.eu/eurostat/api/dissemination/statistics/1.0/data/hlth_cd_asdr2",117.54
"Austria","AT",2017,"Males",455.3,,"https://ec.europa.eu/eurostat/api/dissemination/statistics/1.0/data/hlth_cd_asdr2",117.54
"Austria","AT",2017,"Total",388.53,,"https://ec.europa.eu/eurostat/api/dissemination/statistics/1.0/data/hlth_cd_asdr2",117.54
"Austria","AT",2018,"Females",323.14,,"https://ec.europa.eu/eurostat/api/dissemination/statistics/1.0/data/hlth_cd_asdr2",127.39
"Austria","AT",2018,"Males",450.53,,"https://ec.europa.eu/eurostat/api/dissemination/statistics/1.0/data/hlth_cd_asdr2",127.39
"Austria","AT",2018,"Total",376.99,,"https://ec.europa.eu/eurostat/api/dissemination/statistics/1.0/data/hlth_cd_asdr2",127.39
"Austria","AT",2019,"Females",310.25,,"https://ec.europa.eu/eurostat/api/dissemination/statistics/1.0/data/hlth_cd_asdr2",122.26
"Austria","AT",2019,"Males",432.51,,"https://ec.europa.eu/eurostat/api/dissemination/statistics/1.0/data/hlth_cd_asdr2",122.26
"Austria","AT",2019,"Total",362.89,,"https://ec.europa.eu/eurostat/api/dissemination/statistics/1.0/data/hlth_cd_asdr2",122.26
"Austria","AT",2020,"Females",307.61,,"https://ec.europa.eu/eurostat/api/dissemination/statistics/1.0/data/hlth_cd_asdr2",124.22
"Austria","AT",2020,"Males",431.83,,"https://ec.europa.eu/eurostat/api/dissemination/statistics/1.0/data/hlth_cd_asdr2",124.22
"Austria","AT",2020,"Total",360.98,,"https://ec.europa.eu/eurostat/api/dissemination/statistics/1.0/data/hlth_cd_asdr2",124.22
"Austria","AT",2021,"Females",293.23,,"https://ec.europa.eu/eurostat/api/dissemination/statistics/1.0/data/hlth_cd_asdr2",115.97
"Austria","AT",2021,"Males",409.2,,"https://ec.europa.eu/eurostat/api/dissemination/statistics/1.0/data/hlth_cd_asdr2",115.97
"Austria","AT",2021,"Total",343.27,,"https://ec.europa.eu/eurostat/api/dissemination/statistics/1.0/data/hlth_cd_asdr2",115.97
"Austria","AT",2022,"Females",294.36,,"https://ec.europa.eu/eurostat/api/dissemination/statistics/1.0/data/hlth_cd_asdr2",120.36
"Austria","AT",2022,"Males",414.72,,"https://ec.europa.eu/eurostat/api/dissemination/statistics/1.0/data/hlth_cd_asdr2",120.36
"Austria","AT",2022,"Total",346.61,,"https://ec.europa.eu/eurostat/api/dissemination/statistics/1.0/data/hlth_cd_asdr2",120.36
"Austria","AT",2023,"Females",280.78,,"https://ec.europa.eu/eurostat/api/dissemination/statistics/1.0/data/hlth_cd_asdr2",123.84
"Austria","AT",2023,"Males",404.62,,"https://ec.europa.eu/eurostat/api/dissemination/statistics/1.0/data/hlth_cd_asdr2",123.84
"Austria","AT",2023,"Total",333.44,,"https://ec.europa.eu/eurostat/api/dissemination/statistics/1.0/data/hlth_cd_asdr2",123.84
"Belgium","BE",2015,"Females",244.1,,"https://ec.europa.eu/eurostat/api/dissemination/statistics/1.0/data/hlth_cd_asdr2",101.01
"Belgium","BE",2015,"Males",345.11,,"https://ec.europa.eu/eurostat/api/dissemination/statistics/1.0/data/hlth_cd_asdr2",101.01
"Belgium","BE",2015,"Total",287.49,,"https://ec.europa.eu/eurostat/api/dissemination/statistics/1.0/data/hlth_cd_asdr2",101.01
"Belgium","BE",2016,"Females",225.89,,"https://ec.europa.eu/eurostat/api/dissemination/statistics/1.0/data/hlth_cd_asdr2",100.11
"Belgium","BE",2016,"Males",326,,"https://ec.europa.eu/eurostat/api/dissemination/statistics/1.0/data/hlth_cd_asdr2",100.11
"Belgium","BE",2016,"Total",268.87,,"https://ec.europa.eu/eurostat/api/dissemination/statistics/1.0/data/hlth_cd_asdr2",100.11
"Belgium","BE",2017,"Females",216.69,,"https://ec.europa.eu/eurostat/api/dissemination/statistics/1.0/data/hlth_cd_asdr2",105.75
"Belgium","BE",2017,"Males",322.44,,"https://ec.europa.eu/eurostat/api/dissemination/statistics/1.0/data/hlth_cd_asdr2",105.75
"Belgium","BE",2017,"Total",260.59,,"https://ec.europa.eu/eurostat/api/dissemination/statistics/1.0/data/hlth_cd_asdr2",105.75
"Belgium","BE",2018,"Females",200.02,,"https://ec.europa.eu/eurostat/api/dissemination/statistics/1.0/data/hlth_cd_asdr2",88.54
"Belgium","BE",2018,"Males",288.56,,"https://ec.europa.eu/eurostat/api/dissemination/statistics/1.0/data/hlth_cd_asdr2",88.54
"Belgium","BE",2018,"Total",237.8,,"https://ec.europa.eu/eurostat/api/dissemination/statistics/1.0/data/hlth_cd_asdr2",88.54
"Belgium","BE",2019,"Females",194.11,,"https://ec.europa.eu/eurostat/api/dissemination/statistics/1.0/data/hlth_cd_asdr2",81.31
"Belgium","BE",2019,"Males",275.42,,"https://ec.europa.eu/eurostat/api/dissemination/statistics/1.0/data/hlth_cd_asdr2",81.31
"Belgium","BE",2019,"Total",228.99,,"https://ec.europa.eu/eurostat/api/dissemination/statistics/1.0/data/hlth_cd_asdr2",81.31
"Belgium","BE",2020,"Females",182.47,,"https://ec.europa.eu/eurostat/api/dissemination/statistics/1.0/data/hlth_cd_asdr2",81.01
"Belgium","BE",2020,"Males",263.48,,"https://ec.europa.eu/eurostat/api/dissemination/statistics/1.0/data/hlth_cd_asdr2",81.01
"Belgium","BE",2020,"Total",217.88,,"https://ec.europa.eu/eurostat/api/dissemination/statistics/1.0/data/hlth_cd_asdr2",81.01
"Belgium","BE",2021,"Females",180.62,,"https://ec.europa.eu/eurostat/api/dissemination/statistics/1.0/data/hlth_cd_asdr2",84.69
"Belgium","BE",2021,"Males",265.31,,"https://ec.europa.eu/eurostat/api/dissemination/statistics/1.0/data/hlth_cd_asdr2",84.69
"Belgium","BE",2021,"Total",216.99,,"https://ec.europa.eu/eurostat/api/dissemination/statistics/1.0/data/hlth_cd_asdr2",84.69
"Belgium","BE",2022,"Females",187.16,,"https://ec.europa.eu/eurostat/api/dissemination/statistics/1.0/data/hlth_cd_asdr2",79.19
"Belgium","BE",2022,"Males",266.35,,"https://ec.europa.eu/eurostat/api/dissemination/statistics/1.0/data/hlth_cd_asdr2",79.19
"Belgium","BE",2022,"Total",221.55,,"https://ec.europa.eu/eurostat/api/dissemination/statistics/1.0/data/hlth_cd_asdr2",79.19
"Belgium","BE",2023,"Females",175.49,,"https://ec.europa.eu/eurostat/api/dissemination/statistics/1.0/data/hlth_cd_asdr2",78.88
"Belgium","BE",2023,"Males",254.37,,"https://ec.europa.eu/eurostat/api/dissemination/statistics/1.0/data/hlth_cd_asdr2",78.88
"Belgium","BE",2023,"Total",209.6,,"https://ec.europa.eu/eurostat/api/dissemination/statistics/1.0/data/hlth_cd_asdr2",78.88
"Bulgaria","BG",2015,"Females",977.58,,"https://ec.europa.eu/eurostat/api/dissemination/statistics/1.0/data/hlth_cd_asdr2",361.93
"Bulgaria","BG",2015,"Males",1339.51,,"https://ec.europa.eu/eurostat/api/dissemination/statistics/1.0/data/hlth_cd_asdr2",361.93
"Bulgaria","BG",2015,"Total",1133.08,,"https://ec.europa.eu/eurostat/api/dissemination/statistics/1.0/data/hlth_cd_asdr2",361.93
"Bulgaria","BG",2016,"Females",934.35,,"https://ec.europa.eu/eurostat/api/dissemination/statistics/1.0/data/hlth_cd_asdr2",375.86
"Bulgaria","BG",2016,"Males",1310.21,,"https://ec.europa.eu/eurostat/api/dissemination/statistics/1.0/data/hlth_cd_asdr2",375.86
"Bulgaria","BG",2016,"Total",1094.91,,"https://ec.europa.eu/eurostat/api/dissemination/statistics/1.0/data/hlth_cd_asdr2",375.86
"Bulgaria","BG",2017,"Females",947.35,,"https://ec.europa.eu/eurostat/api/dissemination/statistics/1.0/data/hlth_cd_asdr2",376.36
"Bulgaria","BG",2017,"Males",1323.71,,"https://ec.europa.eu/eurostat/api/dissemination/statistics/1.0/data/hlth_cd_asdr2",376.36
"Bulgaria","BG",2017,"Total",1107.96,,"https://ec.europa.eu/eurostat/api/dissemination/statistics/1.0/data/hlth_cd_asdr2",376.36
"Bulgaria","BG",2018,"Females",912.21,,"https://ec.europa.eu/eurostat/api/dissemination/statistics/1.0/data/hlth_cd_asdr2",382.49
"Bulgaria","BG",2018,"Males",1294.7,,"https://ec.europa.eu/eurostat/api/dissemination/statistics/1.0/data/hlth_cd_asdr2",382.49
"Bulgaria","BG",2018,"Total",1075.93,,"https://ec.europa.eu/eurostat/api/dissemination/statistics/1.0/data/hlth_cd_asdr2",382.49
"Bulgaria","BG",2019,"Females",892.96,,"https://ec.europa.eu/eurostat/api/dissemination/statistics/1.0/data/hlth_cd_asdr2",372.58
"Bulgaria","BG",2019,"Males",1265.54,,"https://ec.europa.eu/eurostat/api/dissemination/statistics/1.0/data/hlth_cd_asdr2",372.58
"Bulgaria","BG",2019,"Total",1051.87,,"https://ec.europa.eu/eurostat/api/dissemination/statistics/1.0/data/hlth_cd_asdr2",372.58
"Bulgaria","BG",2020,"Females",934.3,,"https://ec.europa.eu/eurostat/api/dissemination/statistics/1.0/data/hlth_cd_asdr2",445.08
"Bulgaria","BG",2020,"Males",1379.38,,"https://ec.europa.eu/eurostat/api/dissemination/statistics/1.0/data/hlth_cd_asdr2",445.08
"Bulgaria","BG",2020,"Total",1119.67,,"https://ec.europa.eu/eurostat/api/dissemination/statistics/1.0/data/hlth_cd_asdr2",445.08
"Bulgaria","BG",2021,"Females",1013.8,,"https://ec.europa.eu/eurostat/api/dissemination/statistics/1.0/data/hlth_cd_asdr2",477.53
"Bulgaria","BG",2021,"Males",1491.33,,"https://ec.europa.eu/eurostat/api/dissemination/statistics/1.0/data/hlth_cd_asdr2",477.53
"Bulgaria","BG",2021,"Total",1210.96,,"https://ec.europa.eu/eurostat/api/dissemination/statistics/1.0/data/hlth_cd_asdr2",477.53
"Bulgaria","BG",2022,"Females",889.86,,"https://ec.europa.eu/eurostat/api/dissemination/statistics/1.0/data/hlth_cd_asdr2",448.6
"Bulgaria","BG",2022,"Males",1338.46,,"https://ec.europa.eu/eurostat/api/dissemination/statistics/1.0/data/hlth_cd_asdr2",448.6
"Bulgaria","BG",2022,"Total",1074.26,,"https://ec.europa.eu/eurostat/api/dissemination/statistics/1.0/data/hlth_cd_asdr2",448.6
"Bulgaria","BG",2023,"Females",764.51,,"https://ec.europa.eu/eurostat/api/dissemination/statistics/1.0/data/hlth_cd_asdr2",375.69
"Bulgaria","BG",2023,"Males",1140.2,,"https://ec.europa.eu/eurostat/api/dissemination/statistics/1.0/data/hlth_cd_asdr2",375.69
"Bulgaria","BG",2023,"Total",923.07,,"https://ec.europa.eu/eurostat/api/dissemination/statistics/1.0/data/hlth_cd_asdr2",375.69
"Croatia","HR",2015,"Females",633.98,,"https://ec.europa.eu/eurostat/api/dissemination/statistics/1.0/data/hlth_cd_asdr2",179.9
"Croatia","HR",2015,"Males",813.88,,"https://ec.europa.eu/eurostat/api/dissemination/statistics/1.0/data/hlth_cd_asdr2",179.9
"Croatia","HR",2015,"Total",713.34,,"https://ec.europa.eu/eurostat/api/dissemination/statistics/1.0/data/hlth_cd_asdr2",179.9
"Croatia","HR",2016,"Females",555.85,,"https://ec.europa.eu/eurostat/api/dissemination/statistics/1.0/data/hlth_cd_asdr2",179.37
"Croatia","HR",2016,"Males",735.22,,"https://ec.europa.eu/eurostat/api/dissemination/statistics/1.0/data/hlth_cd_asdr2",179.37
"Croatia","HR",2016,"Total",633.22,,"https://ec.europa.eu/eurostat/api/dissemination/statistics/1.0/data/hlth_cd_asdr2",179.37
"Croatia","HR",2017,"Females",556.16,,"https://ec.europa.eu/eurostat/api/dissemination/statistics/1.0/data/hlth_cd_asdr2",163.73
"Croatia","HR",2017,"Males",719.89,,"https://ec.europa.eu/eurostat/api/dissemination/statistics/1.0/data/hlth_cd_asdr2",163.73
"Croatia","HR",2017,"Total",628.92,,"https://ec.europa.eu/eurostat/api/dissemination/statistics/1.0/data/hlth_cd_asdr2",163.73
"Croatia","HR",2018,"Females",533.1,,"https://ec.europa.eu/eurostat/api/dissemination/statistics/1.0/data/hlth_cd_asdr2",171.99
"Croatia","HR",2018,"Males",705.09,,"https://ec.europa.eu/eurostat/api/dissemination/statistics/1.0/data/hlth_cd_asdr2",171.99
"Croatia","HR",2018,"Total",607.15,,"https://ec.europa.eu/eurostat/api/dissemination/statistics/1.0/data/hlth_cd_asdr2",171.99
"Croatia","HR",2019,"Females",509.39,,"https://ec.europa.eu/eurostat/api/dissemination/statistics/1.0/data/hlth_cd_asdr2",139.26
"Croatia","HR",2019,"Males",648.65,,"https://ec.europa.eu/eurostat/api/dissemination/statistics/1.0/data/hlth_cd_asdr2",139.26
"Croatia","HR",2019,"Total",572.78,,"https://ec.europa.eu/eurostat/api/dissemination/statistics/1.0/data/hlth_cd_asdr2",139.26
"Croatia","HR",2020,"Females",524.23,,"https://ec.europa.eu/eurostat/api/dissemination/statistics/1.0/data/hlth_cd_asdr2",151.07
"Croatia","HR",2020,"Males",675.3,,"https://ec.europa.eu/eurostat/api/dissemination/statistics/1.0/data/hlth_cd_asdr2",151.07
"Croatia","HR",2020,"Total",590.92,,"https://ec.europa.eu/eurostat/api/dissemination/statistics/1.0/data/hlth_cd_asdr2",151.07
"Croatia","HR",2021,"Females",532.43,,"https://ec.europa.eu/eurostat/api/dissemination/statistics/1.0/data/hlth_cd_asdr2",152.45
"Croatia","HR",2021,"Males",684.88,,"https://ec.europa.eu/eurostat/api/dissemination/statistics/1.0/data/hlth_cd_asdr2",152.45
"Croatia","HR",2021,"Total",601.26,,"https://ec.europa.eu/eurostat/api/dissemination/statistics/1.0/data/hlth_cd_asdr2",152.45
"Croatia","HR",2022,"Females",527.62,,"https://ec.europa.eu/eurostat/api/dissemination/statistics/1.0/data/hlth_cd_asdr2",138.57
"Croatia","HR",2022,"Males",666.19,,"https://ec.europa.eu/eurostat/api/dissemination/statistics/1.0/data/hlth_cd_asdr2",138.57
"Croatia","HR",2022,"Total",591.66,,"https://ec.europa.eu/eurostat/api/dissemination/statistics/1.0/data/hlth_cd_asdr2",138.57
"Croatia","HR",2023,"Females",459.38,,"https://ec.europa.eu/eurostat/api/dissemination/statistics/1.0/data/hlth_cd_asdr2",138.59
"Croatia","HR",2023,"Males",597.97,,"https://ec.europa.eu/eurostat/api/dissemination/statistics/1.0/data/hlth_cd_asdr2",138.59
"Croatia","HR",2023,"Total",524.05,,"https://ec.europa.eu/eurostat/api/dissemination/statistics/1.0/data/hlth_cd_asdr2",138.59
"Cyprus","CY",2015,"Females",331.98,,"https://ec.europa.eu/eurostat/api/dissemination/statistics/1.0/data/hlth_cd_asdr2",88.34
"Cyprus","CY",2015,"Males",420.32,,"https://ec.europa.eu/eurostat/api/dissemination/statistics/1.0/data/hlth_cd_asdr2",88.34
"Cyprus","CY",2015,"Total",372.76,,"https://ec.europa.eu/eurostat/api/dissemination/statistics/1.0/data/hlth_cd_asdr2",88.34
"Cyprus","CY",2016,"Females",293.05,,"https://ec.europa.eu/eurostat/api/dissemination/statistics/1.0/data/hlth_cd_asdr2",79.7
"Cyprus","CY",2016,"Males",372.75,,"https://ec.europa.eu/eurostat/api/dissemination/statistics/1.0/data/hlth_cd_asdr2",79.7
"Cyprus","CY",2016,"Total",331.55,,"https://ec.europa.eu/eurostat/api/dissemination/statistics/1.0/data/hlth_cd_asdr2",79.7
"Cyprus","CY",2017,"Females",303.25,,"https://ec.europa.eu/eurostat/api/dissemination/statistics/1.0/data/hlth_cd_asdr2",91.89
"Cyprus","CY",2017,"Males",395.14,,"https://ec.europa.eu/eurostat/api/dissemination/statistics/1.0/data/hlth_cd_asdr2",91.89
"Cyprus","CY",2017,"Total",347.89,,"https://ec.europa.eu/eurostat/api/dissemination/statistics/1.0/data/hlth_cd_asdr2",91.89
"Cyprus","CY",2018,"Females",249.63,,"https://ec.europa.eu/eurostat/api/dissemination/statistics/1.0/data/hlth_cd_asdr2",91.09
"Cyprus","CY",2018,"Males",340.72,,"https://ec.europa.eu/eurostat/api/dissemination/statistics/1.0/data/hlth_cd_asdr2",91.09
"Cyprus","CY",2018,"Total",292.68,,"https://ec.europa.eu/eurostat/api/dissemination/statistics/1.0/data/hlth_cd_asdr2",91.09
"Cyprus","CY",2019,"Females",229.52,,"https://ec.europa.eu/eurostat/api/dissemination/statistics/1.0/data/hlth_cd_asdr2",85.32
"Cyprus","CY",2019,"Males",314.84,,"https://ec.europa.eu/eurostat/api/dissemination/statistics/1.0/data/hlth_cd_asdr2",85.32
"Cyprus","CY",2019,"Total",271.18,,"https://ec.europa.eu/eurostat/api/dissemination/statistics/1.0/data/hlth_cd_asdr2",85.32
"Cyprus","CY",2020,"Females",257.26,,"https://ec.europa.eu/eurostat/api/dissemination/statistics/1.0/data/hlth_cd_asdr2",60.99
"Cyprus","CY",2020,"Males",318.25,,"https://ec.europa.eu/eurostat/api/dissemination/statistics/1.0/data/hlth_cd_asdr2",60.99
"Cyprus","CY",2020,"Total",287.66,,"https://ec.europa.eu/eurostat/api/dissemination/statistics/1.0/data/hlth_cd_asdr2",60.99
"Cyprus","CY",2021,"Females",242.63,,"https://ec.europa.eu/eurostat/api/dissemination/statistics/1.0/data/hlth_cd_asdr2",80.53
"Cyprus","CY",2021,"Males",323.16,,"https://ec.europa.eu/eurostat/api/dissemination/statistics/1.0/data/hlth_cd_asdr2",80.53
"Cyprus","CY",2021,"Total",280.83,,"https://ec.europa.eu/eurostat/api/dissemination/statistics/1.0/data/hlth_cd_asdr2",80.53
"Cyprus","CY",2022,"Females",227.05,,"https://ec.europa.eu/eurostat/api/dissemination/statistics/1.0/data/hlth_cd_asdr2",61.77
"Cyprus","CY",2022,"Males",288.82,,"https://ec.europa.eu/eurostat/api/dissemination/statistics/1.0/data/hlth_cd_asdr2",61.77
"Cyprus","CY",2022,"Total",257.76,,"https://ec.europa.eu/eurostat/api/dissemination/statistics/1.0/data/hlth_cd_asdr2",61.77
"Cyprus","CY",2023,"Females",188.74,,"https://ec.europa.eu/eurostat/api/dissemination/statistics/1.0/data/hlth_cd_asdr2",54.3
"Cyprus","CY",2023,"Males",243.04,,"https://ec.europa.eu/eurostat/api/dissemination/statistics/1.0/data/hlth_cd_asdr2",54.3
"Cyprus","CY",2023,"Total",215.21,,"https://ec.europa.eu/eurostat/api/dissemination/statistics/1.0/data/hlth_cd_asdr2",54.3
"Czechia","CZ",2015,"Females",541.23,,"https://ec.europa.eu/eurostat/api/dissemination/statistics/1.0/data/hlth_cd_asdr2",207.65
"Czechia","CZ",2015,"Males",748.88,,"https://ec.europa.eu/eurostat/api/dissemination/statistics/1.0/data/hlth_cd_asdr2",207.65
"Czechia","CZ",2015,"Total",629,,"https://ec.europa.eu/eurostat/api/dissemination/statistics/1.0/data/hlth_cd_asdr2",207.65
"Czechia","CZ",2016,"Females",483.22,,"https://ec.europa.eu/eurostat/api/dissemination/statistics/1.0/data/hlth_cd_asdr2",209.38
"Czechia","CZ",2016,"Males",692.6,,"https://ec.europa.eu/eurostat/api/dissemination/statistics/1.0/data/hlth_cd_asdr2",209.38
"Czechia","CZ",2016,"Total",569.95,,"https://ec.europa.eu/eurostat/api/dissemination/statistics/1.0/data/hlth_cd_asdr2",209.38
"Czechia","CZ",2017,"Females",493.99,,"https://ec.europa.eu/eurostat/api/dissemination/statistics/1.0/data/hlth_cd_asdr2",196.85
"Czechia","CZ",2017,"Males",690.84,,"https://ec.europa.eu/eurostat/api/dissemination/statistics/1.0/data/hlth_cd_asdr2",196.85
"Czechia","CZ",2017,"Total",577.29,,"https://ec.europa.eu/eurostat/api/dissemination/statistics/1.0/data/hlth_cd_asdr2",196.85
"Czechia","CZ",2018,"Females",471.93,,"https://ec.europa.eu/eurostat/api/dissemination/statistics/1.0/data/hlth_cd_asdr2",197.32
"Czechia","CZ",2018,"Males",669.25,,"https://ec.europa.eu/eurostat/api/dissemination/statistics/1.0/data/hlth_cd_asdr2",197.32
"Czechia","CZ",2018,"Total",556.77,,"https://ec.europa.eu/eurostat/api/dissemination/statistics/1.0/data/hlth_cd_asdr2",197.32
"Czechia","CZ",2019,"Females",448.39,,"https://ec.europa.eu/eurostat/api/dissemination/statistics/1.0/data/hlth_cd_asdr2",189.62
"Czechia","CZ",2019,"Males",638.01,,"https://ec.europa.eu/eurostat/api/dissemination/statistics/1.0/data/hlth_cd_asdr2",189.62
"Czechia","CZ",2019,"Total",529.55,,"https://ec.europa.eu/eurostat/api/dissemination/statistics/1.0/data/hlth_cd_asdr2",189.62
"Czechia","CZ",2020,"Females",469.15,,"https://ec.europa.eu/eurostat/api/dissemination/statistics/1.0/data/hlth_cd_asdr2",209.37
"Czechia","CZ",2020,"Males",678.52,,"https://ec.europa.eu/eurostat/api/dissemination/statistics/1.0/data/hlth_cd_asdr2",209.37
"Czechia","CZ",2020,"Total",557.77,,"https://ec.europa.eu/eurostat/api/dissemination/statistics/1.0/data/hlth_cd_asdr2",209.37
"Czechia","CZ",2021,"Females",437.72,,"https://ec.europa.eu/eurostat/api/dissemination/statistics/1.0/data/hlth_cd_asdr2",212.16
"Czechia","CZ",2021,"Males",649.88,,"https://ec.europa.eu/eurostat/api/dissemination/statistics/1.0/data/hlth_cd_asdr2",212.16
"Czechia","CZ",2021,"Total",525.62,,"https://ec.europa.eu/eurostat/api/dissemination/statistics/1.0/data/hlth_cd_asdr2",212.16
"Czechia","CZ",2022,"Females",427.64,,"https://ec.europa.eu/eurostat/api/dissemination/statistics/1.0/data/hlth_cd_asdr2",184.08
"Czechia","CZ",2022,"Males",611.72,,"https://ec.europa.eu/eurostat/api/dissemination/statistics/1.0/data/hlth_cd_asdr2",184.08
"Czechia","CZ",2022,"Total",505.5,,"https://ec.europa.eu/eurostat/api/dissemination/statistics/1.0/data/hlth_cd_asdr2",184.08
"Czechia","CZ",2023,"Females",384.6,,"https://ec.europa.eu/eurostat/api/dissemination/statistics/1.0/data/hlth_cd_asdr2",189.45
"Czechia","CZ",2023,"Males",574.05,,"https://ec.europa.eu/eurostat/api/dissemination/statistics/1.0/data/hlth_cd_asdr2",189.45
"Czechia","CZ",2023,"Total",463.75,,"https://ec.europa.eu/eurostat/api/dissemination/statistics/1.0/data/hlth_cd_asdr2",189.45
"Denmark","DK",2015,"Females",205.38,,"https://ec.europa.eu/eurostat/api/dissemination/statistics/1.0/data/hlth_cd_asdr2",111.84
"Denmark","DK",2015,"Males",317.22,,"https://ec.europa.eu/eurostat/api/dissemination/statistics/1.0/data/hlth_cd_asdr2",111.84
"Denmark","DK",2015,"Total",253.2,,"https://ec.europa.eu/eurostat/api/dissemination/statistics/1.0/data/hlth_cd_asdr2",111.84
"Denmark","DK",2016,"Females",197.84,,"https://ec.europa.eu/eurostat/api/dissemination/statistics/1.0/data/hlth_cd_asdr2",119.97
"Denmark","DK",2016,"Males",317.81,,"https://ec.europa.eu/eurostat/api/dissemination/statistics/1.0/data/hlth_cd_asdr2",119.97
"Denmark","DK",2016,"Total",248.43,,"https://ec.europa.eu/eurostat/api/dissemination/statistics/1.0/data/hlth_cd_asdr2",119.97
"Denmark","DK",2017,"Females",190.05,,"https://ec.europa.eu/eurostat/api/dissemination/statistics/1.0/data/hlth_cd_asdr2",116.68
"Denmark","DK",2017,"Males",306.73,,"https://ec.europa.eu/eurostat/api/dissemination/statistics/1.0/data/hlth_cd_asdr2",116.68
"Denmark","DK",2017,"Total",240.1,,"https://ec.europa.eu/eurostat/api/dissemination/statistics/1.0/data/hlth_cd_asdr2",116.68
"Denmark","DK",2018,"Females",186.2,,"https://ec.europa.eu/eurostat/api/dissemination/statistics/1.0/data/hlth_cd_asdr2",116.18
"Denmark","DK",2018,"Males",302.38,,"https://ec.europa.eu/eurostat/api/dissemination/statistics/1.0/data/hlth_cd_asdr2",116.18
"Denmark","DK",2018,"Total",235.71,,"https://ec.europa.eu/eurostat/api/dissemination/statistics/1.0/data/hlth_cd_asdr2",116.18
"Denmark","DK",2019,"Females",170.35,,"https://ec.europa.eu/eurostat/api/dissemination/statistics/1.0/data/hlth_cd_asdr2",103.43
"Denmark","DK",2019,"Males",273.78,,"https://ec.europa.eu/eurostat/api/dissemination/statistics/1.0/data/hlth_cd_asdr2",103.43
"Denmark","DK",2019,"Total",215.33,,"https://ec.europa.eu/eurostat/api/dissemination/statistics/1.0/data/hlth_cd_asdr2",103.43
"Denmark","DK",2020,"Females",162.86,,"https://ec.europa.eu/eurostat/api/dissemination/statistics/1.0/data/hlth_cd_asdr2",103.28
"Denmark","DK",2020,"Males",266.14,,"https://ec.europa.eu/eurostat/api/dissemination/statistics/1.0/data/hlth_cd_asdr2",103.28
"Denmark","DK",2020,"Total",207.38,,"https://ec.europa.eu/eurostat/api/dissemination/statistics/1.0/data/hlth_cd_asdr2",103.28
"Denmark","DK",2021,"Females",167.31,,"https://ec.europa.eu/eurostat/api/dissemination/statistics/1.0/data/hlth_cd_asdr2",103.7
"Denmark","DK",2021,"Males",271.01,,"https://ec.europa.eu/eurostat/api/dissemination/statistics/1.0/data/hlth_cd_asdr2",103.7
"Denmark","DK",2021,"Total",211.84,,"https://ec.europa.eu/eurostat/api/dissemination/statistics/1.0/data/hlth_cd_asdr2",103.7
"Denmark","DK",2022,"Females",165.95,,"https://ec.europa.eu/eurostat/api/dissemination/statistics/1.0/data/hlth_cd_asdr2",102.43
"Denmark","DK",2022,"Males",268.38,,"https://ec.europa.eu/eurostat/api/dissemination/statistics/1.0/data/hlth_cd_asdr2",102.43
"Denmark","DK",2022,"Total",210.79,,"https://ec.europa.eu/eurostat/api/dissemination/statistics/1.0/data/hlth_cd_asdr2",102.43
"Denmark","DK",2023,"Females",163.77,,"https://ec.europa.eu/eurostat/api/dissemination/statistics/1.0/data/hlth_cd_asdr2",99.94
"Denmark","DK",2023,"Males",263.71,,"https://ec.europa.eu/eurostat/api/dissemination/statistics/1.0/data/hlth_cd_asdr2",99.94
"Denmark","DK",2023,"Total",208.21,,"https://ec.europa.eu/eurostat/api/dissemination/statistics/1.0/data/hlth_cd_asdr2",99.94
"Estonia","EE",2015,"Females",559.14,,"https://ec.europa.eu/eurostat/api/dissemination/statistics/1.0/data/hlth_cd_asdr2",277.42
"Estonia","EE",2015,"Males",836.56,,"https://ec.europa.eu/eurostat/api/dissemination/statistics/1.0/data/hlth_cd_asdr2",277.42
"Estonia","EE",2015,"Total",665.68,,"https://ec.europa.eu/eurostat/api/dissemination/statistics/1.0/data/hlth_cd_asdr2",277.42
"Estonia","EE",2016,"Females",529.31,,"https://ec.europa.eu/eurostat/api/dissemination/statistics/1.0/data/hlth_cd_asdr2",307.58
"Estonia","EE",2016,"Males",836.89,,"https://ec.europa.eu/eurostat/api/dissemination/statistics/1.0/data/hlth_cd_asdr2",307.58
"Estonia","EE",2016,"Total",643.31,,"https://ec.europa.eu/eurostat/api/dissemination/statistics/1.0/data/hlth_cd_asdr2",307.58
"Estonia","EE",2017,"Females",513.82,,"https://ec.europa.eu/eurostat/api/dissemination/statistics/1.0/data/hlth_cd_asdr2",282.85
"Estonia","EE",2017,"Males",796.67,,"https://ec.europa.eu/eurostat/api/dissemination/statistics/1.0/data/hlth_cd_asdr2",282.85
"Estonia","EE",2017,"Total",621.5,,"https://ec.europa.eu/eurostat/api/dissemination/statistics/1.0/data/hlth_cd_asdr2",282.85
"Estonia","EE",2018,"Females",501.57,,"https://ec.europa.eu/eurostat/api/dissemination/statistics/1.0/data/hlth_cd_asdr2",276.88
"Estonia","EE",2018,"Males",778.45,,"https://ec.europa.eu/eurostat/api/dissemination/statistics/1.0/data/hlth_cd_asdr2",276.88
"Estonia","EE",2018,"Total",605.73,,"https://ec.europa.eu/eurostat/api/dissemination/statistics/1.0/data/hlth_cd_asdr2",276.88
"Estonia","EE",2019,"Females",471.26,,"https://ec.europa.eu/eurostat/api/dissemination/statistics/1.0/data/hlth_cd_asdr2",255.22
"Estonia","EE",2019,"Males",726.48,,"https://ec.europa.eu/eurostat/api/dissemination/statistics/1.0/data/hlth_cd_asdr2",255.22
"Estonia","EE",2019,"Total",570.34,,"https://ec.europa.eu/eurostat/api/dissemination/statistics/1.0/data/hlth_cd_asdr2",255.22
"Estonia","EE",2020,"Females",460.7,,"https://ec.europa.eu/eurostat/api/dissemination/statistics/1.0/data/hlth_cd_asdr2",260.17
"Estonia","EE",2020,"Males",720.87,,"https://ec.europa.eu/eurostat/api/dissemination/statistics/1.0/data/hlth_cd_asdr2",260.17
"Estonia","EE",2020,"Total",560.24,,"https://ec.europa.eu/eurostat/api/dissemination/statistics/1.0/data/hlth_cd_asdr2",260.17
"Estonia","EE",2021,"Females",495.39,,"https://ec.europa.eu/eurostat/api/dissemination/statistics/1.0/data/hlth_cd_asdr2",279.14
"Estonia","EE",2021,"Males",774.53,,"https://ec.europa.eu/eurostat/api/dissemination/statistics/1.0/data/hlth_cd_asdr2",279.14
"Estonia","EE",2021,"Total",599.43,,"https://ec.europa.eu/eurostat/api/dissemination/statistics/1.0/data/hlth_cd_asdr2",279.14
"Estonia","EE",2022,"Females",464.9,,"https://ec.europa.eu/eurostat/api/dissemination/statistics/1.0/data/hlth_cd_asdr2",298.91
"Estonia","EE",2022,"Males",763.81,,"https://ec.europa.eu/eurostat/api/dissemination/statistics/1.0/data/hlth_cd_asdr2",298.91
"Estonia","EE",2022,"Total",574.96,,"https://ec.europa.eu/eurostat/api/dissemination/statistics/1.0/data/hlth_cd_asdr2",298.91
"Estonia","EE",2023,"Females",414.89,,"https://ec.europa.eu/eurostat/api/dissemination/statistics/1.0/data/hlth_cd_asdr2",293.67
"Estonia","EE",2023,"Males",708.56,,"https://ec.europa.eu/eurostat/api/dissemination/statistics/1.0/data/hlth_cd_asdr2",293.67
"Estonia","EE",2023,"Total",521.57,,"https://ec.europa.eu/eurostat/api/dissemination/statistics/1.0/data/hlth_cd_asdr2",293.67
"Finland","FI",2015,"Females",286.07,,"https://ec.europa.eu/eurostat/api/dissemination/statistics/1.0/data/hlth_cd_asdr2",188.08
"Finland","FI",2015,"Males",474.15,,"https://ec.europa.eu/eurostat/api/dissemination/statistics/1.0/data/hlth_cd_asdr2",188.08
"Finland","FI",2015,"Total",364.05,,"https://ec.europa.eu/eurostat/api/dissemination/statistics/1.0/data/hlth_cd_asdr2",188.08
"Finland","FI",2016,"Females",279.5,,"https://ec.europa.eu/eurostat/api/dissemination/statistics/1.0/data/hlth_cd_asdr2",195.41
"Finland","FI",2016,"Males",474.91,,"https://ec.europa.eu/eurostat/api/dissemination/statistics/1.0/data/hlth_cd_asdr2",195.41
"Finland","FI",2016,"Total",360.2,,"https://ec.europa.eu/eurostat/api/dissemination/statistics/1.0/data/hlth_cd_asdr2",195.41
"Finland","FI",2017,"Females",263.17,,"https://ec.europa.eu/eurostat/api/dissemination/statistics/1.0/data/hlth_cd_asdr2",186.4
"Finland","FI",2017,"Males",449.57,,"https://ec.europa.eu/eurostat/api/dissemination/statistics/1.0/data/hlth_cd_asdr2",186.4
"Finland","FI",2017,"Total",340.72,,"https://ec.europa.eu/eurostat/api/dissemination/statistics/1.0/data/hlth_cd_asdr2",186.4
"Finland","FI",2018,"Females",251.32,,"https://ec.europa.eu/eurostat/api/dissemination/statistics/1.0/data/hlth_cd_asdr2",189.49
"Finland","FI",2018,"Males",440.81,,"https://ec.europa.eu/eurostat/api/dissemination/statistics/1.0/data/hlth_cd_asdr2",189.49
"Finland","FI",2018,"Total",329.35,,"https://ec.europa.eu/eurostat/api/dissemination/statistics/1.0/data/hlth_cd_asdr2",189.49
"Finland","FI",2019,"Females",238.52,,"https://ec.europa.eu/eurostat/api/dissemination/statistics/1.0/data/hlth_cd_asdr2",175.62
"Finland","FI",2019,"Males",414.14,,"https://ec.europa.eu/eurostat/api/dissemination/statistics/1.0/data/hlth_cd_asdr2",175.62
"Finland","FI",2019,"Total",310.94,,"https://ec.europa.eu/eurostat/api/dissemination/statistics/1.0/data/hlth_cd_asdr2",175.62
"Finland","FI",2020,"Females",231.03,,"https://ec.europa.eu/eurostat/api/dissemination/statistics/1.0/data/hlth_cd_asdr2",181.89
"Finland","FI",2020,"Males",412.92,,"https://ec.europa.eu/eurostat/api/dissemination/statistics/1.0/data/hlth_cd_asdr2",181.89
"Finland","FI",2020,"Total",306.77,,"https://ec.europa.eu/eurostat/api/dissemination/statistics/1.0/data/hlth_cd_asdr2",181.89
"Finland","FI",2021,"Females",231.55,,"https://ec.europa.eu/eurostat/api/dissemination/statistics/1.0/data/hlth_cd_asdr2",175.18
"Finland","FI",2021,"Males",406.73,,"https://ec.europa.eu/eurostat/api/dissemination/statistics/1.0/data/hlth_cd_asdr2",175.18
"Finland","FI",2021,"Total",303.95,,"https://ec.europa.eu/eurostat/api/dissemination/statistics/1.0/data/hlth_cd_asdr2",175.18
"Finland","FI",2022,"Females",234.99,,"https://ec.europa.eu/eurostat/api/dissemination/statistics/1.0/data/hlth_cd_asdr2",178.56
"Finland","FI",2022,"Males",413.55,,"https://ec.europa.eu/eurostat/api/dissemination/statistics/1.0/data/hlth_cd_asdr2",178.56
"Finland","FI",2022,"Total",310.21,,"https://ec.europa.eu/eurostat/api/dissemination/statistics/1.0/data/hlth_cd_asdr2",178.56
"Finland","FI",2023,"Females",230.53,,"https://ec.europa.eu/eurostat/api/dissemination/statistics/1.0/data/hlth_cd_asdr2",173.92
"Finland","FI",2023,"Males",404.45,,"https://ec.europa.eu/eurostat/api/dissemination/statistics/1.0/data/hlth_cd_asdr2",173.92
"Finland","FI",2023,"Total",303.82,,"https://ec.europa.eu/eurostat/api/dissemination/statistics/1.0/data/hlth_cd_asdr2",173.92
"France","FR",2015,"Females",163.66,,"https://ec.europa.eu/eurostat/api/dissemination/statistics/1.0/data/hlth_cd_asdr2",99.82
"France","FR",2015,"Males",263.48,,"https://ec.europa.eu/eurostat/api/dissemination/statistics/1.0/data/hlth_cd_asdr2",99.82
"France","FR",2015,"Total",204.89,,"https://ec.europa.eu/eurostat/api/dissemination/statistics/1.0/data/hlth_cd_asdr2",99.82
"France","FR",2016,"Females",155.93,,"https://ec.europa.eu/eurostat/api/dissemination/statistics/1.0/data/hlth_cd_asdr2",98.09
"France","FR",2016,"Males",254.02,,"https://ec.europa.eu/eurostat/api/dissemination/statistics/1.0/data/hlth_cd_asdr2",98.09
"France","FR",2016,"Total",196.14,,"https://ec.europa.eu/eurostat/api/dissemination/statistics/1.0/data/hlth_cd_asdr2",98.09
"France","FR",2017,"Females",151.18,,"https://ec.europa.eu/eurostat/api/dissemination/statistics/1.0/data/hlth_cd_asdr2",95.62
"France","FR",2017,"Males",246.8,,"https://ec.europa.eu/eurostat/api/dissemination/statistics/1.0/data/hlth_cd_asdr2",95.62
"France","FR",2017,"Total",190.4,,"https://ec.europa.eu/eurostat/api/dissemination/statistics/1.0/data/hlth_cd_asdr2",95.62
"France","FR",2018,"Females",147.34,,"https://ec.europa.eu/eurostat/api/dissemination/statistics/1.0/data/hlth_cd_asdr2",94.12
"France","FR",2018,"Males",241.46,,"https://ec.europa.eu/eurostat/api/dissemination/statistics/1.0/data/hlth_cd_asdr2",94.12
"France","FR",2018,"Total",186.11,,"https://ec.europa.eu/eurostat/api/dissemination/statistics/1.0/data/hlth_cd_asdr2",94.12
"France","FR",2019,"Females",138.98,,"https://ec.europa.eu/eurostat/api/dissemination/statistics/1.0/data/hlth_cd_asdr2",88.35
"France","FR",2019,"Males",227.33,,"https://ec.europa.eu/eurostat/api/dissemination/statistics/1.0/data/hlth_cd_asdr2",88.35
"France","FR",2019,"Total",175.48,,"https://ec.europa.eu/eurostat/api/dissemination/statistics/1.0/data/hlth_cd_asdr2",88.35
"France","FR",2020,"Females",130.67,,"https://ec.europa.eu/eurostat/api/dissemination/statistics/1.0/data/hlth_cd_asdr2",89.5
"France","FR",2020,"Males",220.17,,"https://ec.europa.eu/eurostat/api/dissemination/statistics/1.0/data/hlth_cd_asdr2",89.5
"France","FR",2020,"Total",167.68,,"https://ec.europa.eu/eurostat/api/dissemination/statistics/1.0/data/hlth_cd_asdr2",89.5
"France","FR",2021,"Females",132.4,,"https://ec.europa.eu/eurostat/api/dissemination/statistics/1.0/data/hlth_cd_asdr2",89.91
"France","FR",2021,"Males",222.31,,"https://ec.europa.eu/eurostat/api/dissemination/statistics/1.0/data/hlth_cd_asdr2",89.91
"France","FR",2021,"Total",169.92,,"https://ec.europa.eu/eurostat/api/dissemination/statistics/1.0/data/hlth_cd_asdr2",89.91
"France","FR",2022,"Females",135.4,,"https://ec.europa.eu/eurostat/api/dissemination/statistics/1.0/data/hlth_cd_asdr2",86.42
"France","FR",2022,"Males",221.82,,"https://ec.europa.eu/eurostat/api/dissemination/statistics/1.0/data/hlth_cd_asdr2",86.42
"France","FR",2022,"Total",171.57,,"https://ec.europa.eu/eurostat/api/dissemination/statistics/1.0/data/hlth_cd_asdr2",86.42
"France","FR",2023,"Females",128.81,,"https://ec.europa.eu/eurostat/api/dissemination/statistics/1.0/data/hlth_cd_asdr2",81.58
"France","FR",2023,"Males",210.39,,"https://ec.europa.eu/eurostat/api/dissemination/statistics/1.0/data/hlth_cd_asdr2",81.58
"France","FR",2023,"Total",163.26,,"https://ec.europa.eu/eurostat/api/dissemination/statistics/1.0/data/hlth_cd_asdr2",81.58
"Georgia","GE",2023,"Females",461.07,,"https://ec.europa.eu/eurostat/api/dissemination/statistics/1.0/data/hlth_cd_asdr2",301.66
"Georgia","GE",2023,"Males",762.73,,"https://ec.europa.eu/eurostat/api/dissemination/statistics/1.0/data/hlth_cd_asdr2",301.66
"Georgia","GE",2023,"Total",580.89,,"https://ec.europa.eu/eurostat/api/dissemination/statistics/1.0/data/hlth_cd_asdr2",301.66
"Germany","DE",2015,"Females",353.52,,"https://ec.europa.eu/eurostat/api/dissemination/statistics/1.0/data/hlth_cd_asdr2",136.05
"Germany","DE",2015,"Males",489.57,,"https://ec.europa.eu/eurostat/api/dissemination/statistics/1.0/data/hlth_cd_asdr2",136.05
"Germany","DE",2015,"Total",412.95,,"https://ec.europa.eu/eurostat/api/dissemination/statistics/1.0/data/hlth_cd_asdr2",136.05
"Germany","DE",2016,"Females",323.3,,"https://ec.europa.eu/eurostat/api/dissemination/statistics/1.0/data/hlth_cd_asdr2",134.06
"Germany","DE",2016,"Males",457.36,,"https://ec.europa.eu/eurostat/api/dissemination/statistics/1.0/data/hlth_cd_asdr2",134.06
"Germany","DE",2016,"Total",381.33,,"https://ec.europa.eu/eurostat/api/dissemination/statistics/1.0/data/hlth_cd_asdr2",134.06
"Germany","DE",2017,"Females",321.79,,"https://ec.europa.eu/eurostat/api/dissemination/statistics/1.0/data/hlth_cd_asdr2",133.4
"Germany","DE",2017,"Males",455.19,,"https://ec.europa.eu/eurostat/api/dissemination/statistics/1.0/data/hlth_cd_asdr2",133.4
"Germany","DE",2017,"Total",379.97,,"https://ec.europa.eu/eurostat/api/dissemination/statistics/1.0/data/hlth_cd_asdr2",133.4
"Germany","DE",2018,"Females",317.22,,"https://ec.europa.eu/eurostat/api/dissemination/statistics/1.0/data/hlth_cd_asdr2",128.35
"Germany","DE",2018,"Males",445.57,,"https://ec.europa.eu/eurostat/api/dissemination/statistics/1.0/data/hlth_cd_asdr2",128.35
"Germany","DE",2018,"Total",373.63,,"https://ec.europa.eu/eurostat/api/dissemination/statistics/1.0/data/hlth_cd_asdr2",128.35
"Germany","DE",2019,"Females",295.51,,"https://ec.europa.eu/eurostat/api/dissemination/statistics/1.0/data/hlth_cd_asdr2",122.91
"Germany","DE",2019,"Males",418.42,,"https://ec.europa.eu/eurostat/api/dissemination/statistics/1.0/data/hlth_cd_asdr2",122.91
"Germany","DE",2019,"Total",349.87,,"https://ec.europa.eu/eurostat/api/dissemination/statistics/1.0/data/hlth_cd_asdr2",122.91
"Germany","DE",2020,"Females",292.03,,"https://ec.europa.eu/eurostat/api/dissemination/statistics/1.0/data/hlth_cd_asdr2",127.84
"Germany","DE",2020,"Males",419.87,,"https://ec.europa.eu/eurostat/api/dissemination/statistics/1.0/data/hlth_cd_asdr2",127.84
"Germany","DE",2020,"Total",348.27,,"https://ec.europa.eu/eurostat/api/dissemination/statistics/1.0/data/hlth_cd_asdr2",127.84
"Germany","DE",2021,"Females",288.49,,"https://ec.europa.eu/eurostat/api/dissemination/statistics/1.0/data/hlth_cd_asdr2",128.4
"Germany","DE",2021,"Males",416.89,,"https://ec.europa.eu/eurostat/api/dissemination/statistics/1.0/data/hlth_cd_asdr2",128.4
"Germany","DE",2021,"Total",345.05,,"https://ec.europa.eu/eurostat/api/dissemination/statistics/1.0/data/hlth_cd_asdr2",128.4
"Germany","DE",2022,"Females",302.86,,"https://ec.europa.eu/eurostat/api/dissemination/statistics/1.0/data/hlth_cd_asdr2",134.08
"Germany","DE",2022,"Males",436.94,,"https://ec.europa.eu/eurostat/api/dissemination/statistics/1.0/data/hlth_cd_asdr2",134.08
"Germany","DE",2022,"Total",361.47,,"https://ec.europa.eu/eurostat/api/dissemination/statistics/1.0/data/hlth_cd_asdr2",134.08
"Germany","DE",2023,"Females",292.26,,"https://ec.europa.eu/eurostat/api/dissemination/statistics/1.0/data/hlth_cd_asdr2",131.72
"Germany","DE",2023,"Males",423.98,,"https://ec.europa.eu/eurostat/api/dissemination/statistics/1.0/data/hlth_cd_asdr2",131.72
"Germany","DE",2023,"Total",349.67,,"https://ec.europa.eu/eurostat/api/dissemination/statistics/1.0/data/hlth_cd_asdr2",131.72
"Greece","EL",2015,"Females",337.52,,"https://ec.europa.eu/eurostat/api/dissemination/statistics/1.0/data/hlth_cd_asdr2",89.12
"Greece","EL",2015,"Males",426.64,,"https://ec.europa.eu/eurostat/api/dissemination/statistics/1.0/data/hlth_cd_asdr2",89.12
"Greece","EL",2015,"Total",381.32,,"https://ec.europa.eu/eurostat/api/dissemination/statistics/1.0/data/hlth_cd_asdr2",89.12
"Greece","EL",2016,"Females",311.4,,"https://ec.europa.eu/eurostat/api/dissemination/statistics/1.0/data/hlth_cd_asdr2",81.74
"Greece","EL",2016,"Males",393.14,,"https://ec.europa.eu/eurostat/api/dissemination/statistics/1.0/data/hlth_cd_asdr2",81.74
"Greece","EL",2016,"Total",351.46,,"https://ec.europa.eu/eurostat/api/dissemination/statistics/1.0/data/hlth_cd_asdr2",81.74
"Greece","EL",2017,"Females",321.07,,"https://ec.europa.eu/eurostat/api/dissemination/statistics/1.0/data/hlth_cd_asdr2",89.55
"Greece","EL",2017,"Males",410.62,,"https://ec.europa.eu/eurostat/api/dissemination/statistics/1.0/data/hlth_cd_asdr2",89.55
"Greece","EL",2017,"Total",364.17,,"https://ec.europa.eu/eurostat/api/dissemination/statistics/1.0/data/hlth_cd_asdr2",89.55
"Greece","EL",2018,"Females",295.86,,"https://ec.europa.eu/eurostat/api/dissemination/statistics/1.0/data/hlth_cd_asdr2",87.41
"Greece","EL",2018,"Males",383.27,,"https://ec.europa.eu/eurostat/api/dissemination/statistics/1.0/data/hlth_cd_asdr2",87.41
"Greece","EL",2018,"Total",337.71,,"https://ec.europa.eu/eurostat/api/dissemination/statistics/1.0/data/hlth_cd_asdr2",87.41
"Greece","EL",2019,"Females",285.04,,"https://ec.europa.eu/eurostat/api/dissemination/statistics/1.0/data/hlth_cd_asdr2",89.41
"Greece","EL",2019,"Males",374.45,,"https://ec.europa.eu/eurostat/api/dissemination/statistics/1.0/data/hlth_cd_asdr2",89.41
"Greece","EL",2019,"Total",327.58,,"https://ec.europa.eu/eurostat/api/dissemination/statistics/1.0/data/hlth_cd_asdr2",89.41
"Greece","EL",2020,"Females",294.26,,"https://ec.europa.eu/eurostat/api/dissemination/statistics/1.0/data/hlth_cd_asdr2",86.5
"Greece","EL",2020,"Males",380.76,,"https://ec.europa.eu/eurostat/api/dissemination/statistics/1.0/data/hlth_cd_asdr2",86.5
"Greece","EL",2020,"Total",335.13,,"https://ec.europa.eu/eurostat/api/dissemination/statistics/1.0/data/hlth_cd_asdr2",86.5
"Greece","EL",2021,"Females",290.56,,"https://ec.europa.eu/eurostat/api/dissemination/statistics/1.0/data/hlth_cd_asdr2",103.76
"Greece","EL",2021,"Males",394.32,,"https://ec.europa.eu/eurostat/api/dissemination/statistics/1.0/data/hlth_cd_asdr2",103.76
"Greece","EL",2021,"Total",339.51,,"https://ec.europa.eu/eurostat/api/dissemination/statistics/1.0/data/hlth_cd_asdr2",103.76
"Greece","EL",2022,"Females",276.36,,"https://ec.europa.eu/eurostat/api/dissemination/statistics/1.0/data/hlth_cd_asdr2",102.75
"Greece","EL",2022,"Males",379.11,,"https://ec.europa.eu/eurostat/api/dissemination/statistics/1.0/data/hlth_cd_asdr2",102.75
"Greece","EL",2022,"Total",324.63,,"https://ec.europa.eu/eurostat/api/dissemination/statistics/1.0/data/hlth_cd_asdr2",102.75
"Greece","EL",2023,"Females",249,,"https://ec.europa.eu/eurostat/api/dissemination/statistics/1.0/data/hlth_cd_asdr2",99.14
"Greece","EL",2023,"Males",348.14,,"https://ec.europa.eu/eurostat/api/dissemination/statistics/1.0/data/hlth_cd_asdr2",99.14
"Greece","EL",2023,"Total",297.91,,"https://ec.europa.eu/eurostat/api/dissemination/statistics/1.0/data/hlth_cd_asdr2",99.14
"Hungary","HU",2015,"Females",677.77,,"https://ec.europa.eu/eurostat/api/dissemination/statistics/1.0/data/hlth_cd_asdr2",258.24
"Hungary","HU",2015,"Males",936.01,,"https://ec.europa.eu/eurostat/api/dissemination/statistics/1.0/data/hlth_cd_asdr2",258.24
"Hungary","HU",2015,"Total",782.17,,"https://ec.europa.eu/eurostat/api/dissemination/statistics/1.0/data/hlth_cd_asdr2",258.24
"Hungary","HU",2016,"Females",626.47,,"https://ec.europa.eu/eurostat/api/dissemination/statistics/1.0/data/hlth_cd_asdr2",275.85
"Hungary","HU",2016,"Males",902.32,,"https://ec.europa.eu/eurostat/api/dissemination/statistics/1.0/data/hlth_cd_asdr2",275.85
"Hungary","HU",2016,"Total",737.59,,"https://ec.europa.eu/eurostat/api/dissemination/statistics/1.0/data/hlth_cd_asdr2",275.85
"Hungary","HU",2017,"Females",646.66,,"https://ec.europa.eu/eurostat/api/dissemination/statistics/1.0/data/hlth_cd_asdr2",275.98
"Hungary","HU",2017,"Males",922.64,,"https://ec.europa.eu/eurostat/api/dissemination/statistics/1.0/data/hlth_cd_asdr2",275.98
"Hungary","HU",2017,"Total",758.78,,"https://ec.europa.eu/eurostat/api/dissemination/statistics/1.0/data/hlth_cd_asdr2",275.98
"Hungary","HU",2018,"Females",628.84,,"https://ec.europa.eu/eurostat/api/dissemination/statistics/1.0/data/hlth_cd_asdr2",268.18
"Hungary","HU",2018,"Males",897.02,,"https://ec.europa.eu/eurostat/api/dissemination/statistics/1.0/data/hlth_cd_asdr2",268.18
"Hungary","HU",2018,"Total",738.72,,"https://ec.europa.eu/eurostat/api/dissemination/statistics/1.0/data/hlth_cd_asdr2",268.18
"Hungary","HU",2019,"Females",607.55,,"https://ec.europa.eu/eurostat/api/dissemination/statistics/1.0/data/hlth_cd_asdr2",259.67
"Hungary","HU",2019,"Males",867.22,,"https://ec.europa.eu/eurostat/api/dissemination/statistics/1.0/data/hlth_cd_asdr2",259.67
"Hungary","HU",2019,"Total",714.81,,"https://ec.europa.eu/eurostat/api/dissemination/statistics/1.0/data/hlth_cd_asdr2",259.67
"Hungary","HU",2020,"Females",622.64,,"https://ec.europa.eu/eurostat/api/dissemination/statistics/1.0/data/hlth_cd_asdr2",262.01
"Hungary","HU",2020,"Males",884.65,,"https://ec.europa.eu/eurostat/api/dissemination/statistics/1.0/data/hlth_cd_asdr2",262.01
"Hungary","HU",2020,"Total",731.41,,"https://ec.europa.eu/eurostat/api/dissemination/statistics/1.0/data/hlth_cd_asdr2",262.01
"Hungary","HU",2021,"Females",606.73,,"https://ec.europa.eu/eurostat/api/dissemination/statistics/1.0/data/hlth_cd_asdr2",279.46
"Hungary","HU",2021,"Males",886.19,,"https://ec.europa.eu/eurostat/api/dissemination/statistics/1.0/data/hlth_cd_asdr2",279.46
"Hungary","HU",2021,"Total",722.84,,"https://ec.europa.eu/eurostat/api/dissemination/statistics/1.0/data/hlth_cd_asdr2",279.46
"Hungary","HU",2022,"Females",621.64,,"https://ec.europa.eu/eurostat/api/dissemination/statistics/1.0/data/hlth_cd_asdr2",269.73
"Hungary","HU",2022,"Males",891.37,,"https://ec.europa.eu/eurostat/api/dissemination/statistics/1.0/data/hlth_cd_asdr2",269.73
"Hungary","HU",2022,"Total",732.11,,"https://ec.europa.eu/eurostat/api/dissemination/statistics/1.0/data/hlth_cd_asdr2",269.73
"Hungary","HU",2023,"Females",600.56,,"https://ec.europa.eu/eurostat/api/dissemination/statistics/1.0/data/hlth_cd_asdr2",268.91
"Hungary","HU",2023,"Males",869.47,,"https://ec.europa.eu/eurostat/api/dissemination/statistics/1.0/data/hlth_cd_asdr2",268.91
"Hungary","HU",2023,"Total",710.19,,"https://ec.europa.eu/eurostat/api/dissemination/statistics/1.0/data/hlth_cd_asdr2",268.91
"Iceland","IS",2015,"Females",270.19,,"https://ec.europa.eu/eurostat/api/dissemination/statistics/1.0/data/hlth_cd_asdr2",128
"Iceland","IS",2015,"Males",398.19,,"https://ec.europa.eu/eurostat/api/dissemination/statistics/1.0/data/hlth_cd_asdr2",128
"Iceland","IS",2015,"Total",324.91,,"https://ec.europa.eu/eurostat/api/dissemination/statistics/1.0/data/hlth_cd_asdr2",128
"Iceland","IS",2016,"Females",244.53,,"https://ec.europa.eu/eurostat/api/dissemination/statistics/1.0/data/hlth_cd_asdr2",164.06
"Iceland","IS",2016,"Males",408.59,,"https://ec.europa.eu/eurostat/api/dissemination/statistics/1.0/data/hlth_cd_asdr2",164.06
"Iceland","IS",2016,"Total",315.89,,"https://ec.europa.eu/eurostat/api/dissemination/statistics/1.0/data/hlth_cd_asdr2",164.06
"Iceland","IS",2017,"Females",233.16,,"https://ec.europa.eu/eurostat/api/dissemination/statistics/1.0/data/hlth_cd_asdr2",116.38
"Iceland","IS",2017,"Males",349.54,,"https://ec.europa.eu/eurostat/api/dissemination/statistics/1.0/data/hlth_cd_asdr2",116.38
"Iceland","IS",2017,"Total",285.92,,"https://ec.europa.eu/eurostat/api/dissemination/statistics/1.0/data/hlth_cd_asdr2",116.38
"Iceland","IS",2018,"Females",212.17,,"https://ec.europa.eu/eurostat/api/dissemination/statistics/1.0/data/hlth_cd_asdr2",109.55
"Iceland","IS",2018,"Males",321.72,,"https://ec.europa.eu/eurostat/api/dissemination/statistics/1.0/data/hlth_cd_asdr2",109.55
"Iceland","IS",2018,"Total",261.56,,"https://ec.europa.eu/eurostat/api/dissemination/statistics/1.0/data/hlth_cd_asdr2",109.55
"Iceland","IS",2019,"Females",223.39,,"https://ec.europa.eu/eurostat/api/dissemination/statistics/1.0/data/hlth_cd_asdr2",109.6
"Iceland","IS",2019,"Males",332.99,,"https://ec.europa.eu/eurostat/api/dissemination/statistics/1.0/data/hlth_cd_asdr2",109.6
"Iceland","IS",2019,"Total",273.77,,"https://ec.europa.eu/eurostat/api/dissemination/statistics/1.0/data/hlth_cd_asdr2",109.6
"Iceland","IS",2020,"Females",224.88,,"https://ec.europa.eu/eurostat/api/dissemination/statistics/1.0/data/hlth_cd_asdr2",81.05
"Iceland","IS",2020,"Males",305.93,,"https://ec.europa.eu/eurostat/api/dissemination/statistics/1.0/data/hlth_cd_asdr2",81.05
"Iceland","IS",2020,"Total",262.46,,"https://ec.europa.eu/eurostat/api/dissemination/statistics/1.0/data/hlth_cd_asdr2",81.05
"Iceland","IS",2021,"Females",209.96,,"https://ec.europa.eu/eurostat/api/dissemination/statistics/1.0/data/hlth_cd_asdr2",93.94
"Iceland","IS",2021,"Males",303.9,,"https://ec.europa.eu/eurostat/api/dissemination/statistics/1.0/data/hlth_cd_asdr2",93.94
"Iceland","IS",2021,"Total",252.44,,"https://ec.europa.eu/eurostat/api/dissemination/statistics/1.0/data/hlth_cd_asdr2",93.94
"Iceland","IS",2022,"Females",210.42,,"https://ec.europa.eu/eurostat/api/dissemination/statistics/1.0/data/hlth_cd_asdr2",101.93
"Iceland","IS",2022,"Males",312.35,,"https://ec.europa.eu/eurostat/api/dissemination/statistics/1.0/data/hlth_cd_asdr2",101.93
"Iceland","IS",2022,"Total",259.69,,"https://ec.europa.eu/eurostat/api/dissemination/statistics/1.0/data/hlth_cd_asdr2",101.93
"Iceland","IS",2023,"Females",190.78,,"https://ec.europa.eu/eurostat/api/dissemination/statistics/1.0/data/hlth_cd_asdr2",121.12
"Iceland","IS",2023,"Males",311.9,,"https://ec.europa.eu/eurostat/api/dissemination/statistics/1.0/data/hlth_cd_asdr2",121.12
"Iceland","IS",2023,"Total",244.66,,"https://ec.europa.eu/eurostat/api/dissemination/statistics/1.0/data/hlth_cd_asdr2",121.12
"Ireland","IE",2015,"Females",271.29,,"https://ec.europa.eu/eurostat/api/dissemination/statistics/1.0/data/hlth_cd_asdr2",122.23
"Ireland","IE",2015,"Males",393.52,,"https://ec.europa.eu/eurostat/api/dissemination/statistics/1.0/data/hlth_cd_asdr2",122.23
"Ireland","IE",2015,"Total",327.13,,"https://ec.europa.eu/eurostat/api/dissemination/statistics/1.0/data/hlth_cd_asdr2",122.23
"Ireland","IE",2016,"Females",252.81,,"https://ec.europa.eu/eurostat/api/dissemination/statistics/1.0/data/hlth_cd_asdr2",123.35
"Ireland","IE",2016,"Males",376.16,,"https://ec.europa.eu/eurostat/api/dissemination/statistics/1.0/data/hlth_cd_asdr2",123.35
"Ireland","IE",2016,"Total",309.01,,"https://ec.europa.eu/eurostat/api/dissemination/statistics/1.0/data/hlth_cd_asdr2",123.35
"Ireland","IE",2017,"Females",231.62,,"https://ec.europa.eu/eurostat/api/dissemination/statistics/1.0/data/hlth_cd_asdr2",112.92
"Ireland","IE",2017,"Males",344.54,,"https://ec.europa.eu/eurostat/api/dissemination/statistics/1.0/data/hlth_cd_asdr2",112.92
"Ireland","IE",2017,"Total",284.2,,"https://ec.europa.eu/eurostat/api/dissemination/statistics/1.0/data/hlth_cd_asdr2",112.92
"Ireland","IE",2018,"Females",223.62,,"https://ec.europa.eu/eurostat/api/dissemination/statistics/1.0/data/hlth_cd_asdr2",115.04
"Ireland","IE",2018,"Males",338.66,,"https://ec.europa.eu/eurostat/api/dissemination/statistics/1.0/data/hlth_cd_asdr2",115.04
"Ireland","IE",2018,"Total",277.91,,"https://ec.europa.eu/eurostat/api/dissemination/statistics/1.0/data/hlth_cd_asdr2",115.04
"Ireland","IE",2019,"Females",209.38,,"https://ec.europa.eu/eurostat/api/dissemination/statistics/1.0/data/hlth_cd_asdr2",105.3
"Ireland","IE",2019,"Males",314.68,,"https://ec.europa.eu/eurostat/api/dissemination/statistics/1.0/data/hlth_cd_asdr2",105.3
"Ireland","IE",2019,"Total",258.41,,"https://ec.europa.eu/eurostat/api/dissemination/statistics/1.0/data/hlth_cd_asdr2",105.3
"Ireland","IE",2020,"Females",200.4,,"https://ec.europa.eu/eurostat/api/dissemination/statistics/1.0/data/hlth_cd_asdr2",94.11
"Ireland","IE",2020,"Males",294.51,,"https://ec.europa.eu/eurostat/api/dissemination/statistics/1.0/data/hlth_cd_asdr2",94.11
"Ireland","IE",2020,"Total",245.3,,"https://ec.europa.eu/eurostat/api/dissemination/statistics/1.0/data/hlth_cd_asdr2",94.11
"Ireland","IE",2021,"Females",203.55,,"https://ec.europa.eu/eurostat/api/dissemination/statistics/1.0/data/hlth_cd_asdr2",94.06
"Ireland","IE",2021,"Males",297.61,,"https://ec.europa.eu/eurostat/api/dissemination/statistics/1.0/data/hlth_cd_asdr2",94.06
"Ireland","IE",2021,"Total",248.17,,"https://ec.europa.eu/eurostat/api/dissemination/statistics/1.0/data/hlth_cd_asdr2",94.06
"Ireland","IE",2022,"Females",221.56,,"https://ec.europa.eu/eurostat/api/dissemination/statistics/1.0/data/hlth_cd_asdr2",95.79
"Ireland","IE",2022,"Males",317.35,,"https://ec.europa.eu/eurostat/api/dissemination/statistics/1.0/data/hlth_cd_asdr2",95.79
"Ireland","IE",2022,"Total",266.5,,"https://ec.europa.eu/eurostat/api/dissemination/statistics/1.0/data/hlth_cd_asdr2",95.79
"Ireland","IE",2023,"Females",203.09,,"https://ec.europa.eu/eurostat/api/dissemination/statistics/1.0/data/hlth_cd_asdr2",102.97
"Ireland","IE",2023,"Males",306.06,,"https://ec.europa.eu/eurostat/api/dissemination/statistics/1.0/data/hlth_cd_asdr2",102.97
"Ireland","IE",2023,"Total",250.46,,"https://ec.europa.eu/eurostat/api/dissemination/statistics/1.0/data/hlth_cd_asdr2",102.97
"Italy","IT",2015,"Females",283.52,,"https://ec.europa.eu/eurostat/api/dissemination/statistics/1.0/data/hlth_cd_asdr2",109.07
"Italy","IT",2015,"Males",392.59,,"https://ec.europa.eu/eurostat/api/dissemination/statistics/1.0/data/hlth_cd_asdr2",109.07
"Italy","IT",2015,"Total",328.87,,"https://ec.europa.eu/eurostat/api/dissemination/statistics/1.0/data/hlth_cd_asdr2",109.07
"Italy","IT",2016,"Females",253.49,,"https://ec.europa.eu/eurostat/api/dissemination/statistics/1.0/data/hlth_cd_asdr2",103.3
"Italy","IT",2016,"Males",356.79,,"https://ec.europa.eu/eurostat/api/dissemination/statistics/1.0/data/hlth_cd_asdr2",103.3
"Italy","IT",2016,"Total",296.22,,"https://ec.europa.eu/eurostat/api/dissemination/statistics/1.0/data/hlth_cd_asdr2",103.3
"Italy","IT",2017,"Females",260.5,,"https://ec.europa.eu/eurostat/api/dissemination/statistics/1.0/data/hlth_cd_asdr2",102.91
"Italy","IT",2017,"Males",363.41,,"https://ec.europa.eu/eurostat/api/dissemination/statistics/1.0/data/hlth_cd_asdr2",102.91
"Italy","IT",2017,"Total",303.39,,"https://ec.europa.eu/eurostat/api/dissemination/statistics/1.0/data/hlth_cd_asdr2",102.91
"Italy","IT",2018,"Females",241.62,,"https://ec.europa.eu/eurostat/api/dissemination/statistics/1.0/data/hlth_cd_asdr2",96.75
"Italy","IT",2018,"Males",338.37,,"https://ec.europa.eu/eurostat/api/dissemination/statistics/1.0/data/hlth_cd_asdr2",96.75
"Italy","IT",2018,"Total",282.29,,"https://ec.europa.eu/eurostat/api/dissemination/statistics/1.0/data/hlth_cd_asdr2",96.75
"Italy","IT",2019,"Females",231.98,,"https://ec.europa.eu/eurostat/api/dissemination/statistics/1.0/data/hlth_cd_asdr2",92.55
"Italy","IT",2019,"Males",324.53,,"https://ec.europa.eu/eurostat/api/dissemination/statistics/1.0/data/hlth_cd_asdr2",92.55
"Italy","IT",2019,"Total",270.74,,"https://ec.europa.eu/eurostat/api/dissemination/statistics/1.0/data/hlth_cd_asdr2",92.55
"Italy","IT",2020,"Females",241.3,,"https://ec.europa.eu/eurostat/api/dissemination/statistics/1.0/data/hlth_cd_asdr2",93.72
"Italy","IT",2020,"Males",335.02,,"https://ec.europa.eu/eurostat/api/dissemination/statistics/1.0/data/hlth_cd_asdr2",93.72
"Italy","IT",2020,"Total",281.14,,"https://ec.europa.eu/eurostat/api/dissemination/statistics/1.0/data/hlth_cd_asdr2",93.72
"Italy","IT",2021,"Females",229.09,,"https://ec.europa.eu/eurostat/api/dissemination/statistics/1.0/data/hlth_cd_asdr2",88.61
"Italy","IT",2021,"Males",317.7,,"https://ec.europa.eu/eurostat/api/dissemination/statistics/1.0/data/hlth_cd_asdr2",88.61
"Italy","IT",2021,"Total",266.89,,"https://ec.europa.eu/eurostat/api/dissemination/statistics/1.0/data/hlth_cd_asdr2",88.61
"Italy","IT",2022,"Females",232.87,,"https://ec.europa.eu/eurostat/api/dissemination/statistics/1.0/data/hlth_cd_asdr2",86.9
"Italy","IT",2022,"Males",319.77,,"https://ec.europa.eu/eurostat/api/dissemination/statistics/1.0/data/hlth_cd_asdr2",86.9
"Italy","IT",2022,"Total",270.3,,"https://ec.europa.eu/eurostat/api/dissemination/statistics/1.0/data/hlth_cd_asdr2",86.9
"Italy","IT",2023,"Females",211.77,,"https://ec.europa.eu/eurostat/api/dissemination/statistics/1.0/data/hlth_cd_asdr2",82.41
"Italy","IT",2023,"Males",294.18,,"https://ec.europa.eu/eurostat/api/dissemination/statistics/1.0/data/hlth_cd_asdr2",82.41
"Italy","IT",2023,"Total",247.39,,"https://ec.europa.eu/eurostat/api/dissemination/statistics/1.0/data/hlth_cd_asdr2",82.41
"Latvia","LV",2015,"Females",731.11,,"https://ec.europa.eu/eurostat/api/dissemination/statistics/1.0/data/hlth_cd_asdr2",377.19
"Latvia","LV",2015,"Males",1108.3,,"https://ec.europa.eu/eurostat/api/dissemination/statistics/1.0/data/hlth_cd_asdr2",377.19
"Latvia","LV",2015,"Total",875.77,,"https://ec.europa.eu/eurostat/api/dissemination/statistics/1.0/data/hlth_cd_asdr2",377.19
"Latvia","LV",2016,"Females",696.06,,"https://ec.europa.eu/eurostat/api/dissemination/statistics/1.0/data/hlth_cd_asdr2",418.57
"Latvia","LV",2016,"Males",1114.63,,"https://ec.europa.eu/eurostat/api/dissemination/statistics/1.0/data/hlth_cd_asdr2",418.57
"Latvia","LV",2016,"Total",848.55,,"https://ec.europa.eu/eurostat/api/dissemination/statistics/1.0/data/hlth_cd_asdr2",418.57
"Latvia","LV",2017,"Females",677,,"https://ec.europa.eu/eurostat/api/dissemination/statistics/1.0/data/hlth_cd_asdr2",420.47
"Latvia","LV",2017,"Males",1097.47,,"https://ec.europa.eu/eurostat/api/dissemination/statistics/1.0/data/hlth_cd_asdr2",420.47
"Latvia","LV",2017,"Total",832.19,,"https://ec.europa.eu/eurostat/api/dissemination/statistics/1.0/data/hlth_cd_asdr2",420.47
"Latvia","LV",2018,"Females",670.89,,"https://ec.europa.eu/eurostat/api/dissemination/statistics/1.0/data/hlth_cd_asdr2",386.01
"Latvia","LV",2018,"Males",1056.9,,"https://ec.europa.eu/eurostat/api/dissemination/statistics/1.0/data/hlth_cd_asdr2",386.01
"Latvia","LV",2018,"Total",818.3,,"https://ec.europa.eu/eurostat/api/dissemination/statistics/1.0/data/hlth_cd_asdr2",386.01
"Latvia","LV",2019,"Females",630.06,,"https://ec.europa.eu/eurostat/api/dissemination/statistics/1.0/data/hlth_cd_asdr2",374.16
"Latvia","LV",2019,"Males",1004.22,,"https://ec.europa.eu/eurostat/api/dissemination/statistics/1.0/data/hlth_cd_asdr2",374.16
"Latvia","LV",2019,"Total",770.59,,"https://ec.europa.eu/eurostat/api/dissemination/statistics/1.0/data/hlth_cd_asdr2",374.16
"Latvia","LV",2020,"Females",637.97,,"https://ec.europa.eu/eurostat/api/dissemination/statistics/1.0/data/hlth_cd_asdr2",383.93
"Latvia","LV",2020,"Males",1021.9,,"https://ec.europa.eu/eurostat/api/dissemination/statistics/1.0/data/hlth_cd_asdr2",383.93
"Latvia","LV",2020,"Total",783.53,,"https://ec.europa.eu/eurostat/api/dissemination/statistics/1.0/data/hlth_cd_asdr2",383.93
"Latvia","LV",2021,"Females",693.59,,"https://ec.europa.eu/eurostat/api/dissemination/statistics/1.0/data/hlth_cd_asdr2",433.45
"Latvia","LV",2021,"Males",1127.04,,"https://ec.europa.eu/eurostat/api/dissemination/statistics/1.0/data/hlth_cd_asdr2",433.45
"Latvia","LV",2021,"Total",859.46,,"https://ec.europa.eu/eurostat/api/dissemination/statistics/1.0/data/hlth_cd_asdr2",433.45
"Latvia","LV",2022,"Females",644.3,,"https://ec.europa.eu/eurostat/api/dissemination/statistics/1.0/data/hlth_cd_asdr2",423.13
"Latvia","LV",2022,"Males",1067.43,,"https://ec.europa.eu/eurostat/api/dissemination/statistics/1.0/data/hlth_cd_asdr2",423.13
"Latvia","LV",2022,"Total",806.15,,"https://ec.europa.eu/eurostat/api/dissemination/statistics/1.0/data/hlth_cd_asdr2",423.13
"Latvia","LV",2023,"Females",578,,"https://ec.europa.eu/eurostat/api/dissemination/statistics/1.0/data/hlth_cd_asdr2",385.75
"Latvia","LV",2023,"Males",963.75,,"https://ec.europa.eu/eurostat/api/dissemination/statistics/1.0/data/hlth_cd_asdr2",385.75
"Latvia","LV",2023,"Total",725.96,,"https://ec.europa.eu/eurostat/api/dissemination/statistics/1.0/data/hlth_cd_asdr2",385.75
"Liechtenstein","LI",2015,"Females",205.97,,"https://ec.europa.eu/eurostat/api/dissemination/statistics/1.0/data/hlth_cd_asdr2",71.1
"Liechtenstein","LI",2015,"Males",277.07,,"https://ec.europa.eu/eurostat/api/dissemination/statistics/1.0/data/hlth_cd_asdr2",71.1
"Liechtenstein","LI",2015,"Total",231.74,,"https://ec.europa.eu/eurostat/api/dissemination/statistics/1.0/data/hlth_cd_asdr2",71.1
"Liechtenstein","LI",2016,"Females",260.27,,"https://ec.europa.eu/eurostat/api/dissemination/statistics/1.0/data/hlth_cd_asdr2",225.58
"Liechtenstein","LI",2016,"Males",485.85,,"https://ec.europa.eu/eurostat/api/dissemination/statistics/1.0/data/hlth_cd_asdr2",225.58
"Liechtenstein","LI",2016,"Total",353.35,,"https://ec.europa.eu/eurostat/api/dissemination/statistics/1.0/data/hlth_cd_asdr2",225.58
"Liechtenstein","LI",2017,"Females",280.31,,"https://ec.europa.eu/eurostat/api/dissemination/statistics/1.0/data/hlth_cd_asdr2",-5.41000000000003
"Liechtenstein","LI",2017,"Males",274.9,,"https://ec.europa.eu/eurostat/api/dissemination/statistics/1.0/data/hlth_cd_asdr2",-5.41000000000003
"Liechtenstein","LI",2017,"Total",291.96,,"https://ec.europa.eu/eurostat/api/dissemination/statistics/1.0/data/hlth_cd_asdr2",-5.41000000000003
"Liechtenstein","LI",2018,"Females",296.17,,"https://ec.europa.eu/eurostat/api/dissemination/statistics/1.0/data/hlth_cd_asdr2",151.62
"Liechtenstein","LI",2018,"Males",447.79,,"https://ec.europa.eu/eurostat/api/dissemination/statistics/1.0/data/hlth_cd_asdr2",151.62
"Liechtenstein","LI",2018,"Total",361.37,,"https://ec.europa.eu/eurostat/api/dissemination/statistics/1.0/data/hlth_cd_asdr2",151.62
"Liechtenstein","LI",2019,"Females",295.35,,"https://ec.europa.eu/eurostat/api/dissemination/statistics/1.0/data/hlth_cd_asdr2",72.54
"Liechtenstein","LI",2019,"Males",367.89,,"https://ec.europa.eu/eurostat/api/dissemination/statistics/1.0/data/hlth_cd_asdr2",72.54
"Liechtenstein","LI",2019,"Total",322.12,,"https://ec.europa.eu/eurostat/api/dissemination/statistics/1.0/data/hlth_cd_asdr2",72.54
"Liechtenstein","LI",2020,"Females",182.72,,"https://ec.europa.eu/eurostat/api/dissemination/statistics/1.0/data/hlth_cd_asdr2",104.64
"Liechtenstein","LI",2020,"Males",287.36,,"https://ec.europa.eu/eurostat/api/dissemination/statistics/1.0/data/hlth_cd_asdr2",104.64
"Liechtenstein","LI",2020,"Total",223.2,,"https://ec.europa.eu/eurostat/api/dissemination/statistics/1.0/data/hlth_cd_asdr2",104.64
"Liechtenstein","LI",2021,"Females",234.88,,"https://ec.europa.eu/eurostat/api/dissemination/statistics/1.0/data/hlth_cd_asdr2",55.13
"Liechtenstein","LI",2021,"Males",290.01,,"https://ec.europa.eu/eurostat/api/dissemination/statistics/1.0/data/hlth_cd_asdr2",55.13
"Liechtenstein","LI",2021,"Total",266.61,,"https://ec.europa.eu/eurostat/api/dissemination/statistics/1.0/data/hlth_cd_asdr2",55.13
"Liechtenstein","LI",2022,"Females",201.97,,"https://ec.europa.eu/eurostat/api/dissemination/statistics/1.0/data/hlth_cd_asdr2",9.27000000000001
"Liechtenstein","LI",2022,"Males",211.24,,"https://ec.europa.eu/eurostat/api/dissemination/statistics/1.0/data/hlth_cd_asdr2",9.27000000000001
"Liechtenstein","LI",2022,"Total",206.38,,"https://ec.europa.eu/eurostat/api/dissemination/statistics/1.0/data/hlth_cd_asdr2",9.27000000000001
"Liechtenstein","LI",2023,"Females",141.64,,"https://ec.europa.eu/eurostat/api/dissemination/statistics/1.0/data/hlth_cd_asdr2",86.28
"Liechtenstein","LI",2023,"Males",227.92,,"https://ec.europa.eu/eurostat/api/dissemination/statistics/1.0/data/hlth_cd_asdr2",86.28
"Liechtenstein","LI",2023,"Total",175.41,,"https://ec.europa.eu/eurostat/api/dissemination/statistics/1.0/data/hlth_cd_asdr2",86.28
"Lithuania","LT",2015,"Females",732.5,,"https://ec.europa.eu/eurostat/api/dissemination/statistics/1.0/data/hlth_cd_asdr2",372.03
"Lithuania","LT",2015,"Males",1104.53,,"https://ec.europa.eu/eurostat/api/dissemination/statistics/1.0/data/hlth_cd_asdr2",372.03
"Lithuania","LT",2015,"Total",876.25,,"https://ec.europa.eu/eurostat/api/dissemination/statistics/1.0/data/hlth_cd_asdr2",372.03
"Lithuania","LT",2016,"Females",697.08,,"https://ec.europa.eu/eurostat/api/dissemination/statistics/1.0/data/hlth_cd_asdr2",397.66
"Lithuania","LT",2016,"Males",1094.74,,"https://ec.europa.eu/eurostat/api/dissemination/statistics/1.0/data/hlth_cd_asdr2",397.66
"Lithuania","LT",2016,"Total",845.99,,"https://ec.europa.eu/eurostat/api/dissemination/statistics/1.0/data/hlth_cd_asdr2",397.66
"Lithuania","LT",2017,"Females",676.09,,"https://ec.europa.eu/eurostat/api/dissemination/statistics/1.0/data/hlth_cd_asdr2",367.59
"Lithuania","LT",2017,"Males",1043.68,,"https://ec.europa.eu/eurostat/api/dissemination/statistics/1.0/data/hlth_cd_asdr2",367.59
"Lithuania","LT",2017,"Total",814.23,,"https://ec.europa.eu/eurostat/api/dissemination/statistics/1.0/data/hlth_cd_asdr2",367.59
"Lithuania","LT",2018,"Females",648.45,,"https://ec.europa.eu/eurostat/api/dissemination/statistics/1.0/data/hlth_cd_asdr2",361.36
"Lithuania","LT",2018,"Males",1009.81,,"https://ec.europa.eu/eurostat/api/dissemination/statistics/1.0/data/hlth_cd_asdr2",361.36
"Lithuania","LT",2018,"Total",782.24,,"https://ec.europa.eu/eurostat/api/dissemination/statistics/1.0/data/hlth_cd_asdr2",361.36
"Lithuania","LT",2019,"Females",600.31,,"https://ec.europa.eu/eurostat/api/dissemination/statistics/1.0/data/hlth_cd_asdr2",351.66
"Lithuania","LT",2019,"Males",951.97,,"https://ec.europa.eu/eurostat/api/dissemination/statistics/1.0/data/hlth_cd_asdr2",351.66
"Lithuania","LT",2019,"Total",731.73,,"https://ec.europa.eu/eurostat/api/dissemination/statistics/1.0/data/hlth_cd_asdr2",351.66
"Lithuania","LT",2020,"Females",644.06,,"https://ec.europa.eu/eurostat/api/dissemination/statistics/1.0/data/hlth_cd_asdr2",393.11
"Lithuania","LT",2020,"Males",1037.17,,"https://ec.europa.eu/eurostat/api/dissemination/statistics/1.0/data/hlth_cd_asdr2",393.11
"Lithuania","LT",2020,"Total",793.47,,"https://ec.europa.eu/eurostat/api/dissemination/statistics/1.0/data/hlth_cd_asdr2",393.11
"Lithuania","LT",2021,"Females",653.58,,"https://ec.europa.eu/eurostat/api/dissemination/statistics/1.0/data/hlth_cd_asdr2",387.69
"Lithuania","LT",2021,"Males",1041.27,,"https://ec.europa.eu/eurostat/api/dissemination/statistics/1.0/data/hlth_cd_asdr2",387.69
"Lithuania","LT",2021,"Total",800.68,,"https://ec.europa.eu/eurostat/api/dissemination/statistics/1.0/data/hlth_cd_asdr2",387.69
"Lithuania","LT",2022,"Females",649.18,,"https://ec.europa.eu/eurostat/api/dissemination/statistics/1.0/data/hlth_cd_asdr2",346.37
"Lithuania","LT",2022,"Males",995.55,,"https://ec.europa.eu/eurostat/api/dissemination/statistics/1.0/data/hlth_cd_asdr2",346.37
"Lithuania","LT",2022,"Total",784.45,,"https://ec.europa.eu/eurostat/api/dissemination/statistics/1.0/data/hlth_cd_asdr2",346.37
"Lithuania","LT",2023,"Females",536.55,,"https://ec.europa.eu/eurostat/api/dissemination/statistics/1.0/data/hlth_cd_asdr2",315.61
"Lithuania","LT",2023,"Males",852.16,,"https://ec.europa.eu/eurostat/api/dissemination/statistics/1.0/data/hlth_cd_asdr2",315.61
"Lithuania","LT",2023,"Total",658.51,,"https://ec.europa.eu/eurostat/api/dissemination/statistics/1.0/data/hlth_cd_asdr2",315.61
"Luxembourg","LU",2015,"Females",243.72,,"https://ec.europa.eu/eurostat/api/dissemination/statistics/1.0/data/hlth_cd_asdr2",101.97
"Luxembourg","LU",2015,"Males",345.69,,"https://ec.europa.eu/eurostat/api/dissemination/statistics/1.0/data/hlth_cd_asdr2",101.97
"Luxembourg","LU",2015,"Total",290.97,,"https://ec.europa.eu/eurostat/api/dissemination/statistics/1.0/data/hlth_cd_asdr2",101.97
"Luxembourg","LU",2016,"Females",251.49,,"https://ec.europa.eu/eurostat/api/dissemination/statistics/1.0/data/hlth_cd_asdr2",108.65
"Luxembourg","LU",2016,"Males",360.14,,"https://ec.europa.eu/eurostat/api/dissemination/statistics/1.0/data/hlth_cd_asdr2",108.65
"Luxembourg","LU",2016,"Total",298.15,,"https://ec.europa.eu/eurostat/api/dissemination/statistics/1.0/data/hlth_cd_asdr2",108.65
"Luxembourg","LU",2017,"Females",236.35,,"https://ec.europa.eu/eurostat/api/dissemination/statistics/1.0/data/hlth_cd_asdr2",108.55
"Luxembourg","LU",2017,"Males",344.9,,"https://ec.europa.eu/eurostat/api/dissemination/statistics/1.0/data/hlth_cd_asdr2",108.55
"Luxembourg","LU",2017,"Total",281.93,,"https://ec.europa.eu/eurostat/api/dissemination/statistics/1.0/data/hlth_cd_asdr2",108.55
"Luxembourg","LU",2018,"Females",212.33,,"https://ec.europa.eu/eurostat/api/dissemination/statistics/1.0/data/hlth_cd_asdr2",123.64
"Luxembourg","LU",2018,"Males",335.97,,"https://ec.europa.eu/eurostat/api/dissemination/statistics/1.0/data/hlth_cd_asdr2",123.64
"Luxembourg","LU",2018,"Total",263.39,,"https://ec.europa.eu/eurostat/api/dissemination/statistics/1.0/data/hlth_cd_asdr2",123.64
"Luxembourg","LU",2019,"Females",195.6,,"https://ec.europa.eu/eurostat/api/dissemination/statistics/1.0/data/hlth_cd_asdr2",108.32
"Luxembourg","LU",2019,"Males",303.92,,"https://ec.europa.eu/eurostat/api/dissemination/statistics/1.0/data/hlth_cd_asdr2",108.32
"Luxembourg","LU",2019,"Total",238.62,,"https://ec.europa.eu/eurostat/api/dissemination/statistics/1.0/data/hlth_cd_asdr2",108.32
"Luxembourg","LU",2020,"Females",175.77,,"https://ec.europa.eu/eurostat/api/dissemination/statistics/1.0/data/hlth_cd_asdr2",112.31
"Luxembourg","LU",2020,"Males",288.08,,"https://ec.europa.eu/eurostat/api/dissemination/statistics/1.0/data/hlth_cd_asdr2",112.31
"Luxembourg","LU",2020,"Total",224.43,,"https://ec.europa.eu/eurostat/api/dissemination/statistics/1.0/data/hlth_cd_asdr2",112.31
"Luxembourg","LU",2021,"Females",176.94,,"https://ec.europa.eu/eurostat/api/dissemination/statistics/1.0/data/hlth_cd_asdr2",82.87
"Luxembourg","LU",2021,"Males",259.81,,"https://ec.europa.eu/eurostat/api/dissemination/statistics/1.0/data/hlth_cd_asdr2",82.87
"Luxembourg","LU",2021,"Total",213.17,,"https://ec.europa.eu/eurostat/api/dissemination/statistics/1.0/data/hlth_cd_asdr2",82.87
"Luxembourg","LU",2022,"Females",189.44,,"https://ec.europa.eu/eurostat/api/dissemination/statistics/1.0/data/hlth_cd_asdr2",74.15
"Luxembourg","LU",2022,"Males",263.59,,"https://ec.europa.eu/eurostat/api/dissemination/statistics/1.0/data/hlth_cd_asdr2",74.15
"Luxembourg","LU",2022,"Total",220.28,,"https://ec.europa.eu/eurostat/api/dissemination/statistics/1.0/data/hlth_cd_asdr2",74.15
"Luxembourg","LU",2023,"Females",185.4,,"https://ec.europa.eu/eurostat/api/dissemination/statistics/1.0/data/hlth_cd_asdr2",60.37
"Luxembourg","LU",2023,"Males",245.77,,"https://ec.europa.eu/eurostat/api/dissemination/statistics/1.0/data/hlth_cd_asdr2",60.37
"Luxembourg","LU",2023,"Total",213.14,,"https://ec.europa.eu/eurostat/api/dissemination/statistics/1.0/data/hlth_cd_asdr2",60.37
"Malta","MT",2015,"Females",329.79,,"https://ec.europa.eu/eurostat/api/dissemination/statistics/1.0/data/hlth_cd_asdr2",131.78
"Malta","MT",2015,"Males",461.57,,"https://ec.europa.eu/eurostat/api/dissemination/statistics/1.0/data/hlth_cd_asdr2",131.78
"Malta","MT",2015,"Total",384.85,,"https://ec.europa.eu/eurostat/api/dissemination/statistics/1.0/data/hlth_cd_asdr2",131.78
"Malta","MT",2016,"Females",299.05,,"https://ec.europa.eu/eurostat/api/dissemination/statistics/1.0/data/hlth_cd_asdr2",76.82
"Malta","MT",2016,"Males",375.87,,"https://ec.europa.eu/eurostat/api/dissemination/statistics/1.0/data/hlth_cd_asdr2",76.82
"Malta","MT",2016,"Total",332.74,,"https://ec.europa.eu/eurostat/api/dissemination/statistics/1.0/data/hlth_cd_asdr2",76.82
"Malta","MT",2017,"Females",277.42,,"https://ec.europa.eu/eurostat/api/dissemination/statistics/1.0/data/hlth_cd_asdr2",125.42
"Malta","MT",2017,"Males",402.84,,"https://ec.europa.eu/eurostat/api/dissemination/statistics/1.0/data/hlth_cd_asdr2",125.42
"Malta","MT",2017,"Total",328.6,,"https://ec.europa.eu/eurostat/api/dissemination/statistics/1.0/data/hlth_cd_asdr2",125.42
"Malta","MT",2018,"Females",262.61,,"https://ec.europa.eu/eurostat/api/dissemination/statistics/1.0/data/hlth_cd_asdr2",106.02
"Malta","MT",2018,"Males",368.63,,"https://ec.europa.eu/eurostat/api/dissemination/statistics/1.0/data/hlth_cd_asdr2",106.02
"Malta","MT",2018,"Total",311.22,,"https://ec.europa.eu/eurostat/api/dissemination/statistics/1.0/data/hlth_cd_asdr2",106.02
"Malta","MT",2019,"Females",250.93,,"https://ec.europa.eu/eurostat/api/dissemination/statistics/1.0/data/hlth_cd_asdr2",103.06
"Malta","MT",2019,"Males",353.99,,"https://ec.europa.eu/eurostat/api/dissemination/statistics/1.0/data/hlth_cd_asdr2",103.06
"Malta","MT",2019,"Total",298.92,,"https://ec.europa.eu/eurostat/api/dissemination/statistics/1.0/data/hlth_cd_asdr2",103.06
"Malta","MT",2020,"Females",244.76,,"https://ec.europa.eu/eurostat/api/dissemination/statistics/1.0/data/hlth_cd_asdr2",80.8
"Malta","MT",2020,"Males",325.56,,"https://ec.europa.eu/eurostat/api/dissemination/statistics/1.0/data/hlth_cd_asdr2",80.8
"Malta","MT",2020,"Total",286.04,,"https://ec.europa.eu/eurostat/api/dissemination/statistics/1.0/data/hlth_cd_asdr2",80.8
"Malta","MT",2021,"Females",245.06,,"https://ec.europa.eu/eurostat/api/dissemination/statistics/1.0/data/hlth_cd_asdr2",53.52
"Malta","MT",2021,"Males",298.58,,"https://ec.europa.eu/eurostat/api/dissemination/statistics/1.0/data/hlth_cd_asdr2",53.52
"Malta","MT",2021,"Total",271.79,,"https://ec.europa.eu/eurostat/api/dissemination/statistics/1.0/data/hlth_cd_asdr2",53.52
"Malta","MT",2022,"Females",230.39,,"https://ec.europa.eu/eurostat/api/dissemination/statistics/1.0/data/hlth_cd_asdr2",92.48
"Malta","MT",2022,"Males",322.87,,"https://ec.europa.eu/eurostat/api/dissemination/statistics/1.0/data/hlth_cd_asdr2",92.48
"Malta","MT",2022,"Total",273.78,,"https://ec.europa.eu/eurostat/api/dissemination/statistics/1.0/data/hlth_cd_asdr2",92.48
"Malta","MT",2023,"Females",223.24,,"https://ec.europa.eu/eurostat/api/dissemination/statistics/1.0/data/hlth_cd_asdr2",68.7
"Malta","MT",2023,"Males",291.94,,"https://ec.europa.eu/eurostat/api/dissemination/statistics/1.0/data/hlth_cd_asdr2",68.7
"Malta","MT",2023,"Total",254.35,,"https://ec.europa.eu/eurostat/api/dissemination/statistics/1.0/data/hlth_cd_asdr2",68.7
"Moldova","MD",2022,"Females",630.82,,"https://ec.europa.eu/eurostat/api/dissemination/statistics/1.0/data/hlth_cd_asdr2",438.88
"Moldova","MD",2022,"Males",1069.7,,"https://ec.europa.eu/eurostat/api/dissemination/statistics/1.0/data/hlth_cd_asdr2",438.88
"Moldova","MD",2022,"Total",805.97,,"https://ec.europa.eu/eurostat/api/dissemination/statistics/1.0/data/hlth_cd_asdr2",438.88
"Moldova","MD",2023,"Females",773.32,,"https://ec.europa.eu/eurostat/api/dissemination/statistics/1.0/data/hlth_cd_asdr2",400.96
"Moldova","MD",2023,"Males",1174.28,,"https://ec.europa.eu/eurostat/api/dissemination/statistics/1.0/data/hlth_cd_asdr2",400.96
"Moldova","MD",2023,"Total",738.79,,"https://ec.europa.eu/eurostat/api/dissemination/statistics/1.0/data/hlth_cd_asdr2",400.96
"Netherlands","NL",2015,"Females",233.66,,"https://ec.europa.eu/eurostat/api/dissemination/statistics/1.0/data/hlth_cd_asdr2",98.65
"Netherlands","NL",2015,"Males",332.31,,"https://ec.europa.eu/eurostat/api/dissemination/statistics/1.0/data/hlth_cd_asdr2",98.65
"Netherlands","NL",2015,"Total",275.39,,"https://ec.europa.eu/eurostat/api/dissemination/statistics/1.0/data/hlth_cd_asdr2",98.65
"Netherlands","NL",2016,"Females",225.98,,"https://ec.europa.eu/eurostat/api/dissemination/statistics/1.0/data/hlth_cd_asdr2",89
"Netherlands","NL",2016,"Males",314.98,,"https://ec.europa.eu/eurostat/api/dissemination/statistics/1.0/data/hlth_cd_asdr2",89
"Netherlands","NL",2016,"Total",264.42,,"https://ec.europa.eu/eurostat/api/dissemination/statistics/1.0/data/hlth_cd_asdr2",89
"Netherlands","NL",2017,"Females",217.42,,"https://ec.europa.eu/eurostat/api/dissemination/statistics/1.0/data/hlth_cd_asdr2",85.7
"Netherlands","NL",2017,"Males",303.12,,"https://ec.europa.eu/eurostat/api/dissemination/statistics/1.0/data/hlth_cd_asdr2",85.7
"Netherlands","NL",2017,"Total",254.42,,"https://ec.europa.eu/eurostat/api/dissemination/statistics/1.0/data/hlth_cd_asdr2",85.7
"Netherlands","NL",2018,"Females",208.61,,"https://ec.europa.eu/eurostat/api/dissemination/statistics/1.0/data/hlth_cd_asdr2",87.92
"Netherlands","NL",2018,"Males",296.53,,"https://ec.europa.eu/eurostat/api/dissemination/statistics/1.0/data/hlth_cd_asdr2",87.92
"Netherlands","NL",2018,"Total",246.67,,"https://ec.europa.eu/eurostat/api/dissemination/statistics/1.0/data/hlth_cd_asdr2",87.92
"Netherlands","NL",2019,"Females",202.13,,"https://ec.europa.eu/eurostat/api/dissemination/statistics/1.0/data/hlth_cd_asdr2",85.22
"Netherlands","NL",2019,"Males",287.35,,"https://ec.europa.eu/eurostat/api/dissemination/statistics/1.0/data/hlth_cd_asdr2",85.22
"Netherlands","NL",2019,"Total",239.04,,"https://ec.europa.eu/eurostat/api/dissemination/statistics/1.0/data/hlth_cd_asdr2",85.22
"Netherlands","NL",2020,"Females",184.67,,"https://ec.europa.eu/eurostat/api/dissemination/statistics/1.0/data/hlth_cd_asdr2",80.29
"Netherlands","NL",2020,"Males",264.96,,"https://ec.europa.eu/eurostat/api/dissemination/statistics/1.0/data/hlth_cd_asdr2",80.29
"Netherlands","NL",2020,"Total",219.67,,"https://ec.europa.eu/eurostat/api/dissemination/statistics/1.0/data/hlth_cd_asdr2",80.29
"Netherlands","NL",2021,"Females",186.19,,"https://ec.europa.eu/eurostat/api/dissemination/statistics/1.0/data/hlth_cd_asdr2",78.08
"Netherlands","NL",2021,"Males",264.27,,"https://ec.europa.eu/eurostat/api/dissemination/statistics/1.0/data/hlth_cd_asdr2",78.08
"Netherlands","NL",2021,"Total",219.85,,"https://ec.europa.eu/eurostat/api/dissemination/statistics/1.0/data/hlth_cd_asdr2",78.08
"Netherlands","NL",2022,"Females",193.37,,"https://ec.europa.eu/eurostat/api/dissemination/statistics/1.0/data/hlth_cd_asdr2",72.94
"Netherlands","NL",2022,"Males",266.31,,"https://ec.europa.eu/eurostat/api/dissemination/statistics/1.0/data/hlth_cd_asdr2",72.94
"Netherlands","NL",2022,"Total",225.66,,"https://ec.europa.eu/eurostat/api/dissemination/statistics/1.0/data/hlth_cd_asdr2",72.94
"Netherlands","NL",2023,"Females",186.41,,"https://ec.europa.eu/eurostat/api/dissemination/statistics/1.0/data/hlth_cd_asdr2",77.64
"Netherlands","NL",2023,"Males",264.05,,"https://ec.europa.eu/eurostat/api/dissemination/statistics/1.0/data/hlth_cd_asdr2",77.64
"Netherlands","NL",2023,"Total",220.6,,"https://ec.europa.eu/eurostat/api/dissemination/statistics/1.0/data/hlth_cd_asdr2",77.64
"Norway","NO",2015,"Females",219.88,,"https://ec.europa.eu/eurostat/api/dissemination/statistics/1.0/data/hlth_cd_asdr2",103.39
"Norway","NO",2015,"Males",323.27,,"https://ec.europa.eu/eurostat/api/dissemination/statistics/1.0/data/hlth_cd_asdr2",103.39
"Norway","NO",2015,"Total",265.36,,"https://ec.europa.eu/eurostat/api/dissemination/statistics/1.0/data/hlth_cd_asdr2",103.39
"Norway","NO",2016,"Females",206.22,,"https://ec.europa.eu/eurostat/api/dissemination/statistics/1.0/data/hlth_cd_asdr2",95.18
"Norway","NO",2016,"Males",301.4,,"https://ec.europa.eu/eurostat/api/dissemination/statistics/1.0/data/hlth_cd_asdr2",95.18
"Norway","NO",2016,"Total",247.72,,"https://ec.europa.eu/eurostat/api/dissemination/statistics/1.0/data/hlth_cd_asdr2",95.18
"Norway","NO",2017,"Females",191.1,,"https://ec.europa.eu/eurostat/api/dissemination/statistics/1.0/data/hlth_cd_asdr2",89.72
"Norway","NO",2017,"Males",280.82,,"https://ec.europa.eu/eurostat/api/dissemination/statistics/1.0/data/hlth_cd_asdr2",89.72
"Norway","NO",2017,"Total",231.04,,"https://ec.europa.eu/eurostat/api/dissemination/statistics/1.0/data/hlth_cd_asdr2",89.72
"Norway","NO",2018,"Females",181.77,,"https://ec.europa.eu/eurostat/api/dissemination/statistics/1.0/data/hlth_cd_asdr2",85.71
"Norway","NO",2018,"Males",267.48,,"https://ec.europa.eu/eurostat/api/dissemination/statistics/1.0/data/hlth_cd_asdr2",85.71
"Norway","NO",2018,"Total",220.36,,"https://ec.europa.eu/eurostat/api/dissemination/statistics/1.0/data/hlth_cd_asdr2",85.71
"Norway","NO",2019,"Females",173.28,,"https://ec.europa.eu/eurostat/api/dissemination/statistics/1.0/data/hlth_cd_asdr2",79.03
"Norway","NO",2019,"Males",252.31,,"https://ec.europa.eu/eurostat/api/dissemination/statistics/1.0/data/hlth_cd_asdr2",79.03
"Norway","NO",2019,"Total",208.4,,"https://ec.europa.eu/eurostat/api/dissemination/statistics/1.0/data/hlth_cd_asdr2",79.03
"Norway","NO",2020,"Females",163.96,,"https://ec.europa.eu/eurostat/api/dissemination/statistics/1.0/data/hlth_cd_asdr2",78.47
"Norway","NO",2020,"Males",242.43,,"https://ec.europa.eu/eurostat/api/dissemination/statistics/1.0/data/hlth_cd_asdr2",78.47
"Norway","NO",2020,"Total",199.64,,"https://ec.europa.eu/eurostat/api/dissemination/statistics/1.0/data/hlth_cd_asdr2",78.47
"Norway","NO",2021,"Females",173.15,,"https://ec.europa.eu/eurostat/api/dissemination/statistics/1.0/data/hlth_cd_asdr2",77.04
"Norway","NO",2021,"Males",250.19,,"https://ec.europa.eu/eurostat/api/dissemination/statistics/1.0/data/hlth_cd_asdr2",77.04
"Norway","NO",2021,"Total",208.14,,"https://ec.europa.eu/eurostat/api/dissemination/statistics/1.0/data/hlth_cd_asdr2",77.04
"Norway","NO",2022,"Females",174.56,,"https://ec.europa.eu/eurostat/api/dissemination/statistics/1.0/data/hlth_cd_asdr2",79.59
"Norway","NO",2022,"Males",254.15,,"https://ec.europa.eu/eurostat/api/dissemination/statistics/1.0/data/hlth_cd_asdr2",79.59
"Norway","NO",2022,"Total",210.94,,"https://ec.europa.eu/eurostat/api/dissemination/statistics/1.0/data/hlth_cd_asdr2",79.59
"Norway","NO",2023,"Females",163.45,,"https://ec.europa.eu/eurostat/api/dissemination/statistics/1.0/data/hlth_cd_asdr2",75.62
"Norway","NO",2023,"Males",239.07,,"https://ec.europa.eu/eurostat/api/dissemination/statistics/1.0/data/hlth_cd_asdr2",75.62
"Norway","NO",2023,"Total",197.99,,"https://ec.europa.eu/eurostat/api/dissemination/statistics/1.0/data/hlth_cd_asdr2",75.62
"Poland","PL",2015,"Females",508.17,,"https://ec.europa.eu/eurostat/api/dissemination/statistics/1.0/data/hlth_cd_asdr2",245.66
"Poland","PL",2015,"Males",753.83,,"https://ec.europa.eu/eurostat/api/dissemination/statistics/1.0/data/hlth_cd_asdr2",245.66
"Poland","PL",2015,"Total",610.48,,"https://ec.europa.eu/eurostat/api/dissemination/statistics/1.0/data/hlth_cd_asdr2",245.66
"Poland","PL",2016,"Females",459.52,,"https://ec.europa.eu/eurostat/api/dissemination/statistics/1.0/data/hlth_cd_asdr2",223.94
"Poland","PL",2016,"Males",683.46,,"https://ec.europa.eu/eurostat/api/dissemination/statistics/1.0/data/hlth_cd_asdr2",223.94
"Poland","PL",2016,"Total",552.73,,"https://ec.europa.eu/eurostat/api/dissemination/statistics/1.0/data/hlth_cd_asdr2",223.94
"Poland","PL",2017,"Females",449.18,,"https://ec.europa.eu/eurostat/api/dissemination/statistics/1.0/data/hlth_cd_asdr2",211.34
"Poland","PL",2017,"Males",660.52,,"https://ec.europa.eu/eurostat/api/dissemination/statistics/1.0/data/hlth_cd_asdr2",211.34
"Poland","PL",2017,"Total",537.14,,"https://ec.europa.eu/eurostat/api/dissemination/statistics/1.0/data/hlth_cd_asdr2",211.34
"Poland","PL",2018,"Females",438.87,,"https://ec.europa.eu/eurostat/api/dissemination/statistics/1.0/data/hlth_cd_asdr2",206.83
"Poland","PL",2018,"Males",645.7,,"https://ec.europa.eu/eurostat/api/dissemination/statistics/1.0/data/hlth_cd_asdr2",206.83
"Poland","PL",2018,"Total",526.13,,"https://ec.europa.eu/eurostat/api/dissemination/statistics/1.0/data/hlth_cd_asdr2",206.83
"Poland","PL",2019,"Females",405.13,,"https://ec.europa.eu/eurostat/api/dissemination/statistics/1.0/data/hlth_cd_asdr2",206.22
"Poland","PL",2019,"Males",611.35,,"https://ec.europa.eu/eurostat/api/dissemination/statistics/1.0/data/hlth_cd_asdr2",206.22
"Poland","PL",2019,"Total",492.49,,"https://ec.europa.eu/eurostat/api/dissemination/statistics/1.0/data/hlth_cd_asdr2",206.22
"Poland","PL",2020,"Females",429.59,,"https://ec.europa.eu/eurostat/api/dissemination/statistics/1.0/data/hlth_cd_asdr2",227.27
"Poland","PL",2020,"Males",656.86,,"https://ec.europa.eu/eurostat/api/dissemination/statistics/1.0/data/hlth_cd_asdr2",227.27
"Poland","PL",2020,"Total",523.79,,"https://ec.europa.eu/eurostat/api/dissemination/statistics/1.0/data/hlth_cd_asdr2",227.27
"Poland","PL",2021,"Females",449.31,,"https://ec.europa.eu/eurostat/api/dissemination/statistics/1.0/data/hlth_cd_asdr2",218.01
"Poland","PL",2021,"Males",667.32,,"https://ec.europa.eu/eurostat/api/dissemination/statistics/1.0/data/hlth_cd_asdr2",218.01
"Poland","PL",2021,"Total",541.44,,"https://ec.europa.eu/eurostat/api/dissemination/statistics/1.0/data/hlth_cd_asdr2",218.01
"Poland","PL",2022,"Females",405.27,,"https://ec.europa.eu/eurostat/api/dissemination/statistics/1.0/data/hlth_cd_asdr2",197.45
"Poland","PL",2022,"Males",602.72,,"https://ec.europa.eu/eurostat/api/dissemination/statistics/1.0/data/hlth_cd_asdr2",197.45
"Poland","PL",2022,"Total",489.57,,"https://ec.europa.eu/eurostat/api/dissemination/statistics/1.0/data/hlth_cd_asdr2",197.45
"Poland","PL",2023,"Females",373.22,,"https://ec.europa.eu/eurostat/api/dissemination/statistics/1.0/data/hlth_cd_asdr2",183.59
"Poland","PL",2023,"Males",556.81,,"https://ec.europa.eu/eurostat/api/dissemination/statistics/1.0/data/hlth_cd_asdr2",183.59
"Poland","PL",2023,"Total",450.96,,"https://ec.europa.eu/eurostat/api/dissemination/statistics/1.0/data/hlth_cd_asdr2",183.59
"Portugal","PT",2015,"Females",260.99,,"https://ec.europa.eu/eurostat/api/dissemination/statistics/1.0/data/hlth_cd_asdr2",89.92
"Portugal","PT",2015,"Males",350.91,,"https://ec.europa.eu/eurostat/api/dissemination/statistics/1.0/data/hlth_cd_asdr2",89.92
"Portugal","PT",2015,"Total",300.01,,"https://ec.europa.eu/eurostat/api/dissemination/statistics/1.0/data/hlth_cd_asdr2",89.92
"Portugal","PT",2016,"Females",255.66,,"https://ec.europa.eu/eurostat/api/dissemination/statistics/1.0/data/hlth_cd_asdr2",95.05
"Portugal","PT",2016,"Males",350.71,,"https://ec.europa.eu/eurostat/api/dissemination/statistics/1.0/data/hlth_cd_asdr2",95.05
"Portugal","PT",2016,"Total",296.73,,"https://ec.europa.eu/eurostat/api/dissemination/statistics/1.0/data/hlth_cd_asdr2",95.05
"Portugal","PT",2017,"Females",245.78,,"https://ec.europa.eu/eurostat/api/dissemination/statistics/1.0/data/hlth_cd_asdr2",97.46
"Portugal","PT",2017,"Males",343.24,,"https://ec.europa.eu/eurostat/api/dissemination/statistics/1.0/data/hlth_cd_asdr2",97.46
"Portugal","PT",2017,"Total",287.08,,"https://ec.europa.eu/eurostat/api/dissemination/statistics/1.0/data/hlth_cd_asdr2",97.46
"Portugal","PT",2018,"Females",244.02,,"https://ec.europa.eu/eurostat/api/dissemination/statistics/1.0/data/hlth_cd_asdr2",102.65
"Portugal","PT",2018,"Males",346.67,,"https://ec.europa.eu/eurostat/api/dissemination/statistics/1.0/data/hlth_cd_asdr2",102.65
"Portugal","PT",2018,"Total",287.05,,"https://ec.europa.eu/eurostat/api/dissemination/statistics/1.0/data/hlth_cd_asdr2",102.65
"Portugal","PT",2019,"Females",235.69,,"https://ec.europa.eu/eurostat/api/dissemination/statistics/1.0/data/hlth_cd_asdr2",103.17
"Portugal","PT",2019,"Males",338.86,,"https://ec.europa.eu/eurostat/api/dissemination/statistics/1.0/data/hlth_cd_asdr2",103.17
"Portugal","PT",2019,"Total",278.95,,"https://ec.europa.eu/eurostat/api/dissemination/statistics/1.0/data/hlth_cd_asdr2",103.17
"Portugal","PT",2020,"Females",244.41,,"https://ec.europa.eu/eurostat/api/dissemination/statistics/1.0/data/hlth_cd_asdr2",96.25
"Portugal","PT",2020,"Males",340.66,,"https://ec.europa.eu/eurostat/api/dissemination/statistics/1.0/data/hlth_cd_asdr2",96.25
"Portugal","PT",2020,"Total",285,,"https://ec.europa.eu/eurostat/api/dissemination/statistics/1.0/data/hlth_cd_asdr2",96.25
"Portugal","PT",2021,"Females",211.71,,"https://ec.europa.eu/eurostat/api/dissemination/statistics/1.0/data/hlth_cd_asdr2",84.79
"Portugal","PT",2021,"Males",296.5,,"https://ec.europa.eu/eurostat/api/dissemination/statistics/1.0/data/hlth_cd_asdr2",84.79
"Portugal","PT",2021,"Total",247.92,,"https://ec.europa.eu/eurostat/api/dissemination/statistics/1.0/data/hlth_cd_asdr2",84.79
"Portugal","PT",2022,"Females",204.35,,"https://ec.europa.eu/eurostat/api/dissemination/statistics/1.0/data/hlth_cd_asdr2",75.24
"Portugal","PT",2022,"Males",279.59,,"https://ec.europa.eu/eurostat/api/dissemination/statistics/1.0/data/hlth_cd_asdr2",75.24
"Portugal","PT",2022,"Total",237.9,,"https://ec.europa.eu/eurostat/api/dissemination/statistics/1.0/data/hlth_cd_asdr2",75.24
"Portugal","PT",2023,"Females",186.95,,"https://ec.europa.eu/eurostat/api/dissemination/statistics/1.0/data/hlth_cd_asdr2",76.9
"Portugal","PT",2023,"Males",263.85,,"https://ec.europa.eu/eurostat/api/dissemination/statistics/1.0/data/hlth_cd_asdr2",76.9
"Portugal","PT",2023,"Total",220.81,,"https://ec.europa.eu/eurostat/api/dissemination/statistics/1.0/data/hlth_cd_asdr2",76.9
"Romania","RO",2015,"Females",841.58,,"https://ec.europa.eu/eurostat/api/dissemination/statistics/1.0/data/hlth_cd_asdr2",262.01
"Romania","RO",2015,"Males",1103.59,,"https://ec.europa.eu/eurostat/api/dissemination/statistics/1.0/data/hlth_cd_asdr2",262.01
"Romania","RO",2015,"Total",955.16,,"https://ec.europa.eu/eurostat/api/dissemination/statistics/1.0/data/hlth_cd_asdr2",262.01
"Romania","RO",2016,"Females",787.39,,"https://ec.europa.eu/eurostat/api/dissemination/statistics/1.0/data/hlth_cd_asdr2",259.35
"Romania","RO",2016,"Males",1046.74,,"https://ec.europa.eu/eurostat/api/dissemination/statistics/1.0/data/hlth_cd_asdr2",259.35
"Romania","RO",2016,"Total",900.25,,"https://ec.europa.eu/eurostat/api/dissemination/statistics/1.0/data/hlth_cd_asdr2",259.35
"Romania","RO",2017,"Females",781.96,,"https://ec.europa.eu/eurostat/api/dissemination/statistics/1.0/data/hlth_cd_asdr2",252.53
"Romania","RO",2017,"Males",1034.49,,"https://ec.europa.eu/eurostat/api/dissemination/statistics/1.0/data/hlth_cd_asdr2",252.53
"Romania","RO",2017,"Total",892.82,,"https://ec.europa.eu/eurostat/api/dissemination/statistics/1.0/data/hlth_cd_asdr2",252.53
"Romania","RO",2018,"Females",760.92,,"https://ec.europa.eu/eurostat/api/dissemination/statistics/1.0/data/hlth_cd_asdr2",255.35
"Romania","RO",2018,"Males",1016.27,,"https://ec.europa.eu/eurostat/api/dissemination/statistics/1.0/data/hlth_cd_asdr2",255.35
"Romania","RO",2018,"Total",873.55,,"https://ec.europa.eu/eurostat/api/dissemination/statistics/1.0/data/hlth_cd_asdr2",255.35
"Romania","RO",2019,"Females",721.03,,"https://ec.europa.eu/eurostat/api/dissemination/statistics/1.0/data/hlth_cd_asdr2",246.33
"Romania","RO",2019,"Males",967.36,,"https://ec.europa.eu/eurostat/api/dissemination/statistics/1.0/data/hlth_cd_asdr2",246.33
"Romania","RO",2019,"Total",830.59,,"https://ec.europa.eu/eurostat/api/dissemination/statistics/1.0/data/hlth_cd_asdr2",246.33
"Romania","RO",2020,"Females",777.85,,"https://ec.europa.eu/eurostat/api/dissemination/statistics/1.0/data/hlth_cd_asdr2",327.23
"Romania","RO",2020,"Males",1105.08,,"https://ec.europa.eu/eurostat/api/dissemination/statistics/1.0/data/hlth_cd_asdr2",327.23
"Romania","RO",2020,"Total",918.16,,"https://ec.europa.eu/eurostat/api/dissemination/statistics/1.0/data/hlth_cd_asdr2",327.23
"Romania","RO",2021,"Females",855.8,,"https://ec.europa.eu/eurostat/api/dissemination/statistics/1.0/data/hlth_cd_asdr2",352.94
"Romania","RO",2021,"Males",1208.74,,"https://ec.europa.eu/eurostat/api/dissemination/statistics/1.0/data/hlth_cd_asdr2",352.94
"Romania","RO",2021,"Total",1005.42,,"https://ec.europa.eu/eurostat/api/dissemination/statistics/1.0/data/hlth_cd_asdr2",352.94
"Romania","RO",2022,"Females",788.23,,"https://ec.europa.eu/eurostat/api/dissemination/statistics/1.0/data/hlth_cd_asdr2",326.82
"Romania","RO",2022,"Males",1115.05,,"https://ec.europa.eu/eurostat/api/dissemination/statistics/1.0/data/hlth_cd_asdr2",326.82
"Romania","RO",2022,"Total",924.54,,"https://ec.europa.eu/eurostat/api/dissemination/statistics/1.0/data/hlth_cd_asdr2",326.82
"Romania","RO",2023,"Females",670.82,,"https://ec.europa.eu/eurostat/api/dissemination/statistics/1.0/data/hlth_cd_asdr2",270.91
"Romania","RO",2023,"Males",941.73,,"https://ec.europa.eu/eurostat/api/dissemination/statistics/1.0/data/hlth_cd_asdr2",270.91
"Romania","RO",2023,"Total",787.06,,"https://ec.europa.eu/eurostat/api/dissemination/statistics/1.0/data/hlth_cd_asdr2",270.91
"Serbia","RS",2015,"Females",856.53,,"https://ec.europa.eu/eurostat/api/dissemination/statistics/1.0/data/hlth_cd_asdr2",132.28
"Serbia","RS",2015,"Males",988.81,,"https://ec.europa.eu/eurostat/api/dissemination/statistics/1.0/data/hlth_cd_asdr2",132.28
"Serbia","RS",2015,"Total",920.51,,"https://ec.europa.eu/eurostat/api/dissemination/statistics/1.0/data/hlth_cd_asdr2",132.28
"Serbia","RS",2016,"Females",793.99,,"https://ec.europa.eu/eurostat/api/dissemination/statistics/1.0/data/hlth_cd_asdr2",135.12
"Serbia","RS",2016,"Males",929.11,,"https://ec.europa.eu/eurostat/api/dissemination/statistics/1.0/data/hlth_cd_asdr2",135.12
"Serbia","RS",2016,"Total",858.07,,"https://ec.europa.eu/eurostat/api/dissemination/statistics/1.0/data/hlth_cd_asdr2",135.12
"Serbia","RS",2017,"Females",811.25,,"https://ec.europa.eu/eurostat/api/dissemination/statistics/1.0/data/hlth_cd_asdr2",120.12
"Serbia","RS",2017,"Males",931.37,,"https://ec.europa.eu/eurostat/api/dissemination/statistics/1.0/data/hlth_cd_asdr2",120.12
"Serbia","RS",2017,"Total",870.16,,"https://ec.europa.eu/eurostat/api/dissemination/statistics/1.0/data/hlth_cd_asdr2",120.12
"Serbia","RS",2018,"Females",773.99,,"https://ec.europa.eu/eurostat/api/dissemination/statistics/1.0/data/hlth_cd_asdr2",132.1
"Serbia","RS",2018,"Males",906.09,,"https://ec.europa.eu/eurostat/api/dissemination/statistics/1.0/data/hlth_cd_asdr2",132.1
"Serbia","RS",2018,"Total",837.74,,"https://ec.europa.eu/eurostat/api/dissemination/statistics/1.0/data/hlth_cd_asdr2",132.1
"Serbia","RS",2019,"Females",753.61,,"https://ec.europa.eu/eurostat/api/dissemination/statistics/1.0/data/hlth_cd_asdr2",128.95
"Serbia","RS",2019,"Males",882.56,,"https://ec.europa.eu/eurostat/api/dissemination/statistics/1.0/data/hlth_cd_asdr2",128.95
"Serbia","RS",2019,"Total",816.32,,"https://ec.europa.eu/eurostat/api/dissemination/statistics/1.0/data/hlth_cd_asdr2",128.95
"Serbia","RS",2020,"Females",746.07,,"https://ec.europa.eu/eurostat/api/dissemination/statistics/1.0/data/hlth_cd_asdr2",135.4
"Serbia","RS",2020,"Males",881.47,,"https://ec.europa.eu/eurostat/api/dissemination/statistics/1.0/data/hlth_cd_asdr2",135.4
"Serbia","RS",2020,"Total",810.34,,"https://ec.europa.eu/eurostat/api/dissemination/statistics/1.0/data/hlth_cd_asdr2",135.4
"Serbia","RS",2021,"Females",807.54,,"https://ec.europa.eu/eurostat/api/dissemination/statistics/1.0/data/hlth_cd_asdr2",164.09
"Serbia","RS",2021,"Males",971.63,,"https://ec.europa.eu/eurostat/api/dissemination/statistics/1.0/data/hlth_cd_asdr2",164.09
"Serbia","RS",2021,"Total",884.39,,"https://ec.europa.eu/eurostat/api/dissemination/statistics/1.0/data/hlth_cd_asdr2",164.09
"Serbia","RS",2022,"Females",777.23,,"https://ec.europa.eu/eurostat/api/dissemination/statistics/1.0/data/hlth_cd_asdr2",129
"Serbia","RS",2022,"Males",906.23,,"https://ec.europa.eu/eurostat/api/dissemination/statistics/1.0/data/hlth_cd_asdr2",129
"Serbia","RS",2022,"Total",839.69,,"https://ec.europa.eu/eurostat/api/dissemination/statistics/1.0/data/hlth_cd_asdr2",129
"Serbia","RS",2023,"Females",761.73,,"https://ec.europa.eu/eurostat/api/dissemination/statistics/1.0/data/hlth_cd_asdr2",133.86
"Serbia","RS",2023,"Males",895.59,,"https://ec.europa.eu/eurostat/api/dissemination/statistics/1.0/data/hlth_cd_asdr2",133.86
"Serbia","RS",2023,"Total",826.76,,"https://ec.europa.eu/eurostat/api/dissemination/statistics/1.0/data/hlth_cd_asdr2",133.86
"Slovakia","SK",2015,"Females",572.08,,"https://ec.europa.eu/eurostat/api/dissemination/statistics/1.0/data/hlth_cd_asdr2",212.39
"Slovakia","SK",2015,"Males",784.47,,"https://ec.europa.eu/eurostat/api/dissemination/statistics/1.0/data/hlth_cd_asdr2",212.39
"Slovakia","SK",2015,"Total",662.32,,"https://ec.europa.eu/eurostat/api/dissemination/statistics/1.0/data/hlth_cd_asdr2",212.39
"Slovakia","SK",2016,"Females",533.5,,"https://ec.europa.eu/eurostat/api/dissemination/statistics/1.0/data/hlth_cd_asdr2",201.92
"Slovakia","SK",2016,"Males",735.42,,"https://ec.europa.eu/eurostat/api/dissemination/statistics/1.0/data/hlth_cd_asdr2",201.92
"Slovakia","SK",2016,"Total",620.27,,"https://ec.europa.eu/eurostat/api/dissemination/statistics/1.0/data/hlth_cd_asdr2",201.92
"Slovakia","SK",2017,"Females",553.13,,"https://ec.europa.eu/eurostat/api/dissemination/statistics/1.0/data/hlth_cd_asdr2",215.82
"Slovakia","SK",2017,"Males",768.95,,"https://ec.europa.eu/eurostat/api/dissemination/statistics/1.0/data/hlth_cd_asdr2",215.82
"Slovakia","SK",2017,"Total",644.24,,"https://ec.europa.eu/eurostat/api/dissemination/statistics/1.0/data/hlth_cd_asdr2",215.82
"Slovakia","SK",2018,"Females",511.48,,"https://ec.europa.eu/eurostat/api/dissemination/statistics/1.0/data/hlth_cd_asdr2",202.01
"Slovakia","SK",2018,"Males",713.49,,"https://ec.europa.eu/eurostat/api/dissemination/statistics/1.0/data/hlth_cd_asdr2",202.01
"Slovakia","SK",2018,"Total",597.11,,"https://ec.europa.eu/eurostat/api/dissemination/statistics/1.0/data/hlth_cd_asdr2",202.01
"Slovakia","SK",2019,"Females",477.29,,"https://ec.europa.eu/eurostat/api/dissemination/statistics/1.0/data/hlth_cd_asdr2",215.38
"Slovakia","SK",2019,"Males",692.67,,"https://ec.europa.eu/eurostat/api/dissemination/statistics/1.0/data/hlth_cd_asdr2",215.38
"Slovakia","SK",2019,"Total",567.83,,"https://ec.europa.eu/eurostat/api/dissemination/statistics/1.0/data/hlth_cd_asdr2",215.38
"Slovakia","SK",2020,"Females",510.5,,"https://ec.europa.eu/eurostat/api/dissemination/statistics/1.0/data/hlth_cd_asdr2",230.63
"Slovakia","SK",2020,"Males",741.13,,"https://ec.europa.eu/eurostat/api/dissemination/statistics/1.0/data/hlth_cd_asdr2",230.63
"Slovakia","SK",2020,"Total",607.09,,"https://ec.europa.eu/eurostat/api/dissemination/statistics/1.0/data/hlth_cd_asdr2",230.63
"Slovakia","SK",2021,"Females",543.04,,"https://ec.europa.eu/eurostat/api/dissemination/statistics/1.0/data/hlth_cd_asdr2",222.83
"Slovakia","SK",2021,"Males",765.87,,"https://ec.europa.eu/eurostat/api/dissemination/statistics/1.0/data/hlth_cd_asdr2",222.83
"Slovakia","SK",2021,"Total",641.22,,"https://ec.europa.eu/eurostat/api/dissemination/statistics/1.0/data/hlth_cd_asdr2",222.83
"Slovakia","SK",2022,"Females",537.32,,"https://ec.europa.eu/eurostat/api/dissemination/statistics/1.0/data/hlth_cd_asdr2",204.64
"Slovakia","SK",2022,"Males",741.96,,"https://ec.europa.eu/eurostat/api/dissemination/statistics/1.0/data/hlth_cd_asdr2",204.64
"Slovakia","SK",2022,"Total",627.77,,"https://ec.europa.eu/eurostat/api/dissemination/statistics/1.0/data/hlth_cd_asdr2",204.64
"Slovakia","SK",2023,"Females",522.67,,"https://ec.europa.eu/eurostat/api/dissemination/statistics/1.0/data/hlth_cd_asdr2",171.78
"Slovakia","SK",2023,"Males",694.45,,"https://ec.europa.eu/eurostat/api/dissemination/statistics/1.0/data/hlth_cd_asdr2",171.78
"Slovakia","SK",2023,"Total",600.47,,"https://ec.europa.eu/eurostat/api/dissemination/statistics/1.0/data/hlth_cd_asdr2",171.78
"Slovenia","SI",2015,"Females",400.34,,"https://ec.europa.eu/eurostat/api/dissemination/statistics/1.0/data/hlth_cd_asdr2",101.82
"Slovenia","SI",2015,"Males",502.16,,"https://ec.europa.eu/eurostat/api/dissemination/statistics/1.0/data/hlth_cd_asdr2",101.82
"Slovenia","SI",2015,"Total",449.64,,"https://ec.europa.eu/eurostat/api/dissemination/statistics/1.0/data/hlth_cd_asdr2",101.82
"Slovenia","SI",2016,"Females",379.64,,"https://ec.europa.eu/eurostat/api/dissemination/statistics/1.0/data/hlth_cd_asdr2",115.69
"Slovenia","SI",2016,"Males",495.33,,"https://ec.europa.eu/eurostat/api/dissemination/statistics/1.0/data/hlth_cd_asdr2",115.69
"Slovenia","SI",2016,"Total",431.65,,"https://ec.europa.eu/eurostat/api/dissemination/statistics/1.0/data/hlth_cd_asdr2",115.69
"Slovenia","SI",2017,"Females",367.18,,"https://ec.europa.eu/eurostat/api/dissemination/statistics/1.0/data/hlth_cd_asdr2",123.5
"Slovenia","SI",2017,"Males",490.68,,"https://ec.europa.eu/eurostat/api/dissemination/statistics/1.0/data/hlth_cd_asdr2",123.5
"Slovenia","SI",2017,"Total",421.22,,"https://ec.europa.eu/eurostat/api/dissemination/statistics/1.0/data/hlth_cd_asdr2",123.5
"Slovenia","SI",2018,"Females",344.38,,"https://ec.europa.eu/eurostat/api/dissemination/statistics/1.0/data/hlth_cd_asdr2",142.6
"Slovenia","SI",2018,"Males",486.98,,"https://ec.europa.eu/eurostat/api/dissemination/statistics/1.0/data/hlth_cd_asdr2",142.6
"Slovenia","SI",2018,"Total",403.43,,"https://ec.europa.eu/eurostat/api/dissemination/statistics/1.0/data/hlth_cd_asdr2",142.6
"Slovenia","SI",2019,"Females",345.36,,"https://ec.europa.eu/eurostat/api/dissemination/statistics/1.0/data/hlth_cd_asdr2",110.09
"Slovenia","SI",2019,"Males",455.45,,"https://ec.europa.eu/eurostat/api/dissemination/statistics/1.0/data/hlth_cd_asdr2",110.09
"Slovenia","SI",2019,"Total",393.6,,"https://ec.europa.eu/eurostat/api/dissemination/statistics/1.0/data/hlth_cd_asdr2",110.09
"Slovenia","SI",2020,"Females",330.75,,"https://ec.europa.eu/eurostat/api/dissemination/statistics/1.0/data/hlth_cd_asdr2",106.72
"Slovenia","SI",2020,"Males",437.47,,"https://ec.europa.eu/eurostat/api/dissemination/statistics/1.0/data/hlth_cd_asdr2",106.72
"Slovenia","SI",2020,"Total",377.11,,"https://ec.europa.eu/eurostat/api/dissemination/statistics/1.0/data/hlth_cd_asdr2",106.72
"Slovenia","SI",2021,"Females",311.93,,"https://ec.europa.eu/eurostat/api/dissemination/statistics/1.0/data/hlth_cd_asdr2",110.09
"Slovenia","SI",2021,"Males",422.02,,"https://ec.europa.eu/eurostat/api/dissemination/statistics/1.0/data/hlth_cd_asdr2",110.09
"Slovenia","SI",2021,"Total",361.2,,"https://ec.europa.eu/eurostat/api/dissemination/statistics/1.0/data/hlth_cd_asdr2",110.09
"Slovenia","SI",2022,"Females",291.49,,"https://ec.europa.eu/eurostat/api/dissemination/statistics/1.0/data/hlth_cd_asdr2",90.19
"Slovenia","SI",2022,"Males",381.68,,"https://ec.europa.eu/eurostat/api/dissemination/statistics/1.0/data/hlth_cd_asdr2",90.19
"Slovenia","SI",2022,"Total",332.86,,"https://ec.europa.eu/eurostat/api/dissemination/statistics/1.0/data/hlth_cd_asdr2",90.19
"Slovenia","SI",2023,"Females",308.01,,"https://ec.europa.eu/eurostat/api/dissemination/statistics/1.0/data/hlth_cd_asdr2",92.19
"Slovenia","SI",2023,"Males",400.2,,"https://ec.europa.eu/eurostat/api/dissemination/statistics/1.0/data/hlth_cd_asdr2",92.19
"Slovenia","SI",2023,"Total",351.95,,"https://ec.europa.eu/eurostat/api/dissemination/statistics/1.0/data/hlth_cd_asdr2",92.19
"Spain","ES",2015,"Females",212.84,,"https://ec.europa.eu/eurostat/api/dissemination/statistics/1.0/data/hlth_cd_asdr2",88.5
"Spain","ES",2015,"Males",301.34,,"https://ec.europa.eu/eurostat/api/dissemination/statistics/1.0/data/hlth_cd_asdr2",88.5
"Spain","ES",2015,"Total",252.56,,"https://ec.europa.eu/eurostat/api/dissemination/statistics/1.0/data/hlth_cd_asdr2",88.5
"Spain","ES",2016,"Females",197.61,,"https://ec.europa.eu/eurostat/api/dissemination/statistics/1.0/data/hlth_cd_asdr2",88.54
"Spain","ES",2016,"Males",286.15,,"https://ec.europa.eu/eurostat/api/dissemination/statistics/1.0/data/hlth_cd_asdr2",88.54
"Spain","ES",2016,"Total",237.34,,"https://ec.europa.eu/eurostat/api/dissemination/statistics/1.0/data/hlth_cd_asdr2",88.54
"Spain","ES",2017,"Females",197.3,,"https://ec.europa.eu/eurostat/api/dissemination/statistics/1.0/data/hlth_cd_asdr2",85.77
"Spain","ES",2017,"Males",283.07,,"https://ec.europa.eu/eurostat/api/dissemination/statistics/1.0/data/hlth_cd_asdr2",85.77
"Spain","ES",2017,"Total",235.79,,"https://ec.europa.eu/eurostat/api/dissemination/statistics/1.0/data/hlth_cd_asdr2",85.77
"Spain","ES",2018,"Females",188.94,,"https://ec.europa.eu/eurostat/api/dissemination/statistics/1.0/data/hlth_cd_asdr2",86.82
"Spain","ES",2018,"Males",275.76,,"https://ec.europa.eu/eurostat/api/dissemination/statistics/1.0/data/hlth_cd_asdr2",86.82
"Spain","ES",2018,"Total",227.74,,"https://ec.europa.eu/eurostat/api/dissemination/statistics/1.0/data/hlth_cd_asdr2",86.82
"Spain","ES",2019,"Females",176.77,,"https://ec.europa.eu/eurostat/api/dissemination/statistics/1.0/data/hlth_cd_asdr2",84.7
"Spain","ES",2019,"Males",261.47,,"https://ec.europa.eu/eurostat/api/dissemination/statistics/1.0/data/hlth_cd_asdr2",84.7
"Spain","ES",2019,"Total",214.52,,"https://ec.europa.eu/eurostat/api/dissemination/statistics/1.0/data/hlth_cd_asdr2",84.7
"Spain","ES",2020,"Females",178.96,,"https://ec.europa.eu/eurostat/api/dissemination/statistics/1.0/data/hlth_cd_asdr2",86.67
"Spain","ES",2020,"Males",265.63,,"https://ec.europa.eu/eurostat/api/dissemination/statistics/1.0/data/hlth_cd_asdr2",86.67
"Spain","ES",2020,"Total",217.82,,"https://ec.europa.eu/eurostat/api/dissemination/statistics/1.0/data/hlth_cd_asdr2",86.67
"Spain","ES",2021,"Females",174.25,,"https://ec.europa.eu/eurostat/api/dissemination/statistics/1.0/data/hlth_cd_asdr2",86.63
"Spain","ES",2021,"Males",260.88,,"https://ec.europa.eu/eurostat/api/dissemination/statistics/1.0/data/hlth_cd_asdr2",86.63
"Spain","ES",2021,"Total",212.97,,"https://ec.europa.eu/eurostat/api/dissemination/statistics/1.0/data/hlth_cd_asdr2",86.63
"Spain","ES",2022,"Females",173.27,,"https://ec.europa.eu/eurostat/api/dissemination/statistics/1.0/data/hlth_cd_asdr2",91.9
"Spain","ES",2022,"Males",265.17,,"https://ec.europa.eu/eurostat/api/dissemination/statistics/1.0/data/hlth_cd_asdr2",91.9
"Spain","ES",2022,"Total",213.88,,"https://ec.europa.eu/eurostat/api/dissemination/statistics/1.0/data/hlth_cd_asdr2",91.9
"Spain","ES",2023,"Females",160.73,,"https://ec.europa.eu/eurostat/api/dissemination/statistics/1.0/data/hlth_cd_asdr2",89.78
"Spain","ES",2023,"Males",250.51,,"https://ec.europa.eu/eurostat/api/dissemination/statistics/1.0/data/hlth_cd_asdr2",89.78
"Spain","ES",2023,"Total",200.21,,"https://ec.europa.eu/eurostat/api/dissemination/statistics/1.0/data/hlth_cd_asdr2",89.78
"Sweden","SE",2015,"Females",267.57,,"https://ec.europa.eu/eurostat/api/dissemination/statistics/1.0/data/hlth_cd_asdr2",137.25
"Sweden","SE",2015,"Males",404.82,,"https://ec.europa.eu/eurostat/api/dissemination/statistics/1.0/data/hlth_cd_asdr2",137.25
"Sweden","SE",2015,"Total",326.58,,"https://ec.europa.eu/eurostat/api/dissemination/statistics/1.0/data/hlth_cd_asdr2",137.25
"Sweden","SE",2016,"Females",263.63,,"https://ec.europa.eu/eurostat/api/dissemination/statistics/1.0/data/hlth_cd_asdr2",126.35
"Sweden","SE",2016,"Males",389.98,,"https://ec.europa.eu/eurostat/api/dissemination/statistics/1.0/data/hlth_cd_asdr2",126.35
"Sweden","SE",2016,"Total",318.63,,"https://ec.europa.eu/eurostat/api/dissemination/statistics/1.0/data/hlth_cd_asdr2",126.35
"Sweden","SE",2017,"Females",252.67,,"https://ec.europa.eu/eurostat/api/dissemination/statistics/1.0/data/hlth_cd_asdr2",128.5
"Sweden","SE",2017,"Males",381.17,,"https://ec.europa.eu/eurostat/api/dissemination/statistics/1.0/data/hlth_cd_asdr2",128.5
"Sweden","SE",2017,"Total",307.45,,"https://ec.europa.eu/eurostat/api/dissemination/statistics/1.0/data/hlth_cd_asdr2",128.5
"Sweden","SE",2018,"Females",243.25,,"https://ec.europa.eu/eurostat/api/dissemination/statistics/1.0/data/hlth_cd_asdr2",121.92
"Sweden","SE",2018,"Males",365.17,,"https://ec.europa.eu/eurostat/api/dissemination/statistics/1.0/data/hlth_cd_asdr2",121.92
"Sweden","SE",2018,"Total",296.34,,"https://ec.europa.eu/eurostat/api/dissemination/statistics/1.0/data/hlth_cd_asdr2",121.92
"Sweden","SE",2019,"Females",221.66,,"https://ec.europa.eu/eurostat/api/dissemination/statistics/1.0/data/hlth_cd_asdr2",116.21
"Sweden","SE",2019,"Males",337.87,,"https://ec.europa.eu/eurostat/api/dissemination/statistics/1.0/data/hlth_cd_asdr2",116.21
"Sweden","SE",2019,"Total",272.03,,"https://ec.europa.eu/eurostat/api/dissemination/statistics/1.0/data/hlth_cd_asdr2",116.21
"Sweden","SE",2020,"Females",216.33,,"https://ec.europa.eu/eurostat/api/dissemination/statistics/1.0/data/hlth_cd_asdr2",116.68
"Sweden","SE",2020,"Males",333.01,,"https://ec.europa.eu/eurostat/api/dissemination/statistics/1.0/data/hlth_cd_asdr2",116.68
"Sweden","SE",2020,"Total",267.3,,"https://ec.europa.eu/eurostat/api/dissemination/statistics/1.0/data/hlth_cd_asdr2",116.68
"Sweden","SE",2021,"Females",207.75,,"https://ec.europa.eu/eurostat/api/dissemination/statistics/1.0/data/hlth_cd_asdr2",112.5
"Sweden","SE",2021,"Males",320.25,,"https://ec.europa.eu/eurostat/api/dissemination/statistics/1.0/data/hlth_cd_asdr2",112.5
"Sweden","SE",2021,"Total",257.05,,"https://ec.europa.eu/eurostat/api/dissemination/statistics/1.0/data/hlth_cd_asdr2",112.5
"Sweden","SE",2022,"Females",211.07,,"https://ec.europa.eu/eurostat/api/dissemination/statistics/1.0/data/hlth_cd_asdr2",109.17
"Sweden","SE",2022,"Males",320.24,,"https://ec.europa.eu/eurostat/api/dissemination/statistics/1.0/data/hlth_cd_asdr2",109.17
"Sweden","SE",2022,"Total",258.72,,"https://ec.europa.eu/eurostat/api/dissemination/statistics/1.0/data/hlth_cd_asdr2",109.17
"Sweden","SE",2023,"Females",200.28,,"https://ec.europa.eu/eurostat/api/dissemination/statistics/1.0/data/hlth_cd_asdr2",106.86
"Sweden","SE",2023,"Males",307.14,,"https://ec.europa.eu/eurostat/api/dissemination/statistics/1.0/data/hlth_cd_asdr2",106.86
"Sweden","SE",2023,"Total",246.88,,"https://ec.europa.eu/eurostat/api/dissemination/statistics/1.0/data/hlth_cd_asdr2",106.86
"Switzerland","CH",2015,"Females",237.43,,"https://ec.europa.eu/eurostat/api/dissemination/statistics/1.0/data/hlth_cd_asdr2",105.57
"Switzerland","CH",2015,"Males",343,,"https://ec.europa.eu/eurostat/api/dissemination/statistics/1.0/data/hlth_cd_asdr2",105.57
"Switzerland","CH",2015,"Total",281.83,,"https://ec.europa.eu/eurostat/api/dissemination/statistics/1.0/data/hlth_cd_asdr2",105.57
"Switzerland","CH",2016,"Females",222.64,,"https://ec.europa.eu/eurostat/api/dissemination/statistics/1.0/data/hlth_cd_asdr2",96.5
"Switzerland","CH",2016,"Males",319.14,,"https://ec.europa.eu/eurostat/api/dissemination/statistics/1.0/data/hlth_cd_asdr2",96.5
"Switzerland","CH",2016,"Total",263.02,,"https://ec.europa.eu/eurostat/api/dissemination/statistics/1.0/data/hlth_cd_asdr2",96.5
"Switzerland","CH",2017,"Females",218.4,,"https://ec.europa.eu/eurostat/api/dissemination/statistics/1.0/data/hlth_cd_asdr2",97.27
"Switzerland","CH",2017,"Males",315.67,,"https://ec.europa.eu/eurostat/api/dissemination/statistics/1.0/data/hlth_cd_asdr2",97.27
"Switzerland","CH",2017,"Total",259.53,,"https://ec.europa.eu/eurostat/api/dissemination/statistics/1.0/data/hlth_cd_asdr2",97.27
"Switzerland","CH",2018,"Females",208.28,,"https://ec.europa.eu/eurostat/api/dissemination/statistics/1.0/data/hlth_cd_asdr2",94.62
"Switzerland","CH",2018,"Males",302.9,,"https://ec.europa.eu/eurostat/api/dissemination/statistics/1.0/data/hlth_cd_asdr2",94.62
"Switzerland","CH",2018,"Total",248.1,,"https://ec.europa.eu/eurostat/api/dissemination/statistics/1.0/data/hlth_cd_asdr2",94.62
"Switzerland","CH",2019,"Females",196.61,,"https://ec.europa.eu/eurostat/api/dissemination/statistics/1.0/data/hlth_cd_asdr2",86
"Switzerland","CH",2019,"Males",282.61,,"https://ec.europa.eu/eurostat/api/dissemination/statistics/1.0/data/hlth_cd_asdr2",86
"Switzerland","CH",2019,"Total",233.29,,"https://ec.europa.eu/eurostat/api/dissemination/statistics/1.0/data/hlth_cd_asdr2",86
"Switzerland","CH",2020,"Females",195.23,,"https://ec.europa.eu/eurostat/api/dissemination/statistics/1.0/data/hlth_cd_asdr2",92.59
"Switzerland","CH",2020,"Males",287.82,,"https://ec.europa.eu/eurostat/api/dissemination/statistics/1.0/data/hlth_cd_asdr2",92.59
"Switzerland","CH",2020,"Total",234.67,,"https://ec.europa.eu/eurostat/api/dissemination/statistics/1.0/data/hlth_cd_asdr2",92.59
"Switzerland","CH",2021,"Females",185.47,,"https://ec.europa.eu/eurostat/api/dissemination/statistics/1.0/data/hlth_cd_asdr2",81.72
"Switzerland","CH",2021,"Males",267.19,,"https://ec.europa.eu/eurostat/api/dissemination/statistics/1.0/data/hlth_cd_asdr2",81.72
"Switzerland","CH",2021,"Total",220.58,,"https://ec.europa.eu/eurostat/api/dissemination/statistics/1.0/data/hlth_cd_asdr2",81.72
"Switzerland","CH",2022,"Females",188.48,,"https://ec.europa.eu/eurostat/api/dissemination/statistics/1.0/data/hlth_cd_asdr2",84.93
"Switzerland","CH",2022,"Males",273.41,,"https://ec.europa.eu/eurostat/api/dissemination/statistics/1.0/data/hlth_cd_asdr2",84.93
"Switzerland","CH",2022,"Total",224.81,,"https://ec.europa.eu/eurostat/api/dissemination/statistics/1.0/data/hlth_cd_asdr2",84.93
"Switzerland","CH",2023,"Females",186.53,,"https://ec.europa.eu/eurostat/api/dissemination/statistics/1.0/data/hlth_cd_asdr2",76.09
"Switzerland","CH",2023,"Males",262.62,,"https://ec.europa.eu/eurostat/api/dissemination/statistics/1.0/data/hlth_cd_asdr2",76.09
"Switzerland","CH",2023,"Total",219.35,,"https://ec.europa.eu/eurostat/api/dissemination/statistics/1.0/data/hlth_cd_asdr2",76.09
"Türkiye","TR",2015,"Females",374.75,"d","https://ec.europa.eu/eurostat/api/dissemination/statistics/1.0/data/hlth_cd_asdr2",123.41
"Türkiye","TR",2015,"Males",498.16,"d","https://ec.europa.eu/eurostat/api/dissemination/statistics/1.0/data/hlth_cd_asdr2",123.41
"Türkiye","TR",2015,"Total",430.24,"d","https://ec.europa.eu/eurostat/api/dissemination/statistics/1.0/data/hlth_cd_asdr2",123.41
"Türkiye","TR",2016,"Females",373.18,"d","https://ec.europa.eu/eurostat/api/dissemination/statistics/1.0/data/hlth_cd_asdr2",124.91
"Türkiye","TR",2016,"Males",498.09,"d","https://ec.europa.eu/eurostat/api/dissemination/statistics/1.0/data/hlth_cd_asdr2",124.91
"Türkiye","TR",2016,"Total",429.48,"d","https://ec.europa.eu/eurostat/api/dissemination/statistics/1.0/data/hlth_cd_asdr2",124.91
"Türkiye","TR",2017,"Females",442.61,"d","https://ec.europa.eu/eurostat/api/dissemination/statistics/1.0/data/hlth_cd_asdr2",130.32
"Türkiye","TR",2017,"Males",572.93,"d","https://ec.europa.eu/eurostat/api/dissemination/statistics/1.0/data/hlth_cd_asdr2",130.32
"Türkiye","TR",2017,"Total",500.42,"d","https://ec.europa.eu/eurostat/api/dissemination/statistics/1.0/data/hlth_cd_asdr2",130.32
"Türkiye","TR",2018,"Females",422.53,"d","https://ec.europa.eu/eurostat/api/dissemination/statistics/1.0/data/hlth_cd_asdr2",123.68
"Türkiye","TR",2018,"Males",546.21,"d","https://ec.europa.eu/eurostat/api/dissemination/statistics/1.0/data/hlth_cd_asdr2",123.68
"Türkiye","TR",2018,"Total",477.55,"d","https://ec.europa.eu/eurostat/api/dissemination/statistics/1.0/data/hlth_cd_asdr2",123.68
"Türkiye","TR",2019,"Females",388.42,"d","https://ec.europa.eu/eurostat/api/dissemination/statistics/1.0/data/hlth_cd_asdr2",123.9
"Türkiye","TR",2019,"Males",512.32,"d","https://ec.europa.eu/eurostat/api/dissemination/statistics/1.0/data/hlth_cd_asdr2",123.9
"Türkiye","TR",2019,"Total",442.92,"d","https://ec.europa.eu/eurostat/api/dissemination/statistics/1.0/data/hlth_cd_asdr2",123.9
"Türkiye","TR",2020,"Females",440.13,"d","https://ec.europa.eu/eurostat/api/dissemination/statistics/1.0/data/hlth_cd_asdr2",177.56
"Türkiye","TR",2020,"Males",617.69,"d","https://ec.europa.eu/eurostat/api/dissemination/statistics/1.0/data/hlth_cd_asdr2",177.56
"Türkiye","TR",2020,"Total",514.72,"d","https://ec.europa.eu/eurostat/api/dissemination/statistics/1.0/data/hlth_cd_asdr2",177.56
"Türkiye","TR",2021,"Females",461.85,"d","https://ec.europa.eu/eurostat/api/dissemination/statistics/1.0/data/hlth_cd_asdr2",155.12
"Türkiye","TR",2021,"Males",616.97,"d","https://ec.europa.eu/eurostat/api/dissemination/statistics/1.0/data/hlth_cd_asdr2",155.12
"Türkiye","TR",2021,"Total",528,"d","https://ec.europa.eu/eurostat/api/dissemination/statistics/1.0/data/hlth_cd_asdr2",155.12
"Türkiye","TR",2022,"Females",432.33,"d","https://ec.europa.eu/eurostat/api/dissemination/statistics/1.0/data/hlth_cd_asdr2",149.67
"Türkiye","TR",2022,"Males",582,"d","https://ec.europa.eu/eurostat/api/dissemination/statistics/1.0/data/hlth_cd_asdr2",149.67
"Türkiye","TR",2022,"Total",496.84,"d","https://ec.europa.eu/eurostat/api/dissemination/statistics/1.0/data/hlth_cd_asdr2",149.67
"Türkiye","TR",2023,"Females",404.75,"d","https://ec.europa.eu/eurostat/api/dissemination/statistics/1.0/data/hlth_cd_asdr2",130.25
"Türkiye","TR",2023,"Males",535,"d","https://ec.europa.eu/eurostat/api/dissemination/statistics/1.0/data/hlth_cd_asdr2",130.25
"Türkiye","TR",2023,"Total",462.04,"d","https://ec.europa.eu/eurostat/api/dissemination/statistics/1.0/data/hlth_cd_asdr2",130.25
"United Kingdom","UK",2015,"Females",215.39,,"https://ec.europa.eu/eurostat/api/dissemination/statistics/1.0/data/hlth_cd_asdr2",110.93
"United Kingdom","UK",2015,"Males",326.32,,"https://ec.europa.eu/eurostat/api/dissemination/statistics/1.0/data/hlth_cd_asdr2",110.93
"United Kingdom","UK",2015,"Total",264.7,,"https://ec.europa.eu/eurostat/api/dissemination/statistics/1.0/data/hlth_cd_asdr2",110.93
"United Kingdom","UK",2016,"Females",204.22,,"https://ec.europa.eu/eurostat/api/dissemination/statistics/1.0/data/hlth_cd_asdr2",109.96
"United Kingdom","UK",2016,"Males",314.18,,"https://ec.europa.eu/eurostat/api/dissemination/statistics/1.0/data/hlth_cd_asdr2",109.96
"United Kingdom","UK",2016,"Total",253.28,,"https://ec.europa.eu/eurostat/api/dissemination/statistics/1.0/data/hlth_cd_asdr2",109.96
"United Kingdom","UK",2017,"Females",199.06,,"https://ec.europa.eu/eurostat/api/dissemination/statistics/1.0/data/hlth_cd_asdr2",108.8
"United Kingdom","UK",2017,"Males",307.86,,"https://ec.europa.eu/eurostat/api/dissemination/statistics/1.0/data/hlth_cd_asdr2",108.8
"United Kingdom","UK",2017,"Total",247.6,,"https://ec.europa.eu/eurostat/api/dissemination/statistics/1.0/data/hlth_cd_asdr2",108.8
"United Kingdom","UK",2018,"Females",188.68,,"https://ec.europa.eu/eurostat/api/dissemination/statistics/1.0/data/hlth_cd_asdr2",107.3
"United Kingdom","UK",2018,"Males",295.98,,"https://ec.europa.eu/eurostat/api/dissemination/statistics/1.0/data/hlth_cd_asdr2",107.3
"United Kingdom","UK",2018,"Total",236.88,,"https://ec.europa.eu/eurostat/api/dissemination/statistics/1.0/data/hlth_cd_asdr2",107.3
